/*
 Navicat Premium Data Transfer

 Source Server         : 本地
 Source Server Type    : MySQL
 Source Server Version : 80016
 Source Host           : 192.168.85.132:3306
 Source Schema         : timo

 Target Server Type    : MySQL
 Target Server Version : 80016
 File Encoding         : 65001

 Date: 04/07/2019 18:10:14
*/

SET NAMES utf8mb4;
SET FOREIGN_KEY_CHECKS = 0;

-- ----------------------------
-- Table structure for crm_called_allot
-- ----------------------------
DROP TABLE IF EXISTS `crm_called_allot`;
CREATE TABLE `crm_called_allot`  (
  `id` bigint(20) NOT NULL AUTO_INCREMENT,
  `allot_time` datetime(0) NULL DEFAULT NULL,
  `allot_user` bigint(20) NULL DEFAULT NULL,
  `called_num` varchar(20) CHARACTER SET utf8 COLLATE utf8_general_ci NOT NULL,
  `calls_num` int(11) NULL DEFAULT NULL,
  `input_time` datetime(0) NULL DEFAULT NULL,
  `input_user` bigint(20) NULL DEFAULT NULL,
  `is_register` tinyint(4) NULL DEFAULT NULL,
  `registerr_time` datetime(0) NULL DEFAULT NULL,
  `remake` text CHARACTER SET utf8 COLLATE utf8_general_ci NULL,
  `userid` bigint(20) NULL DEFAULT NULL,
  `status` tinyint(4) NOT NULL DEFAULT 1,
  `create_date` datetime(0) NULL DEFAULT NULL,
  PRIMARY KEY (`id`) USING BTREE,
  UNIQUE INDEX `called_num_unique`(`called_num`) USING BTREE COMMENT '号码唯一'
) ENGINE = InnoDB AUTO_INCREMENT = 1 CHARACTER SET = utf8 COLLATE = utf8_general_ci ROW_FORMAT = Dynamic;

-- ----------------------------
-- Records of crm_called_allot
-- ----------------------------
INSERT INTO `crm_called_allot` VALUES (1, '2019-07-03 22:18:33', 123, '17602173727', 13123, '2019-07-03 22:18:33', 123, 1, '2019-07-03 22:18:33', '123', 12313, 1, NULL);

-- ----------------------------
-- Table structure for sys_action_log
-- ----------------------------
DROP TABLE IF EXISTS `sys_action_log`;
CREATE TABLE `sys_action_log`  (
  `id` bigint(20) NOT NULL AUTO_INCREMENT COMMENT '主键ID',
  `name` varchar(255) CHARACTER SET utf8 COLLATE utf8_general_ci NULL DEFAULT NULL COMMENT '日志名称',
  `type` tinyint(4) NULL DEFAULT NULL COMMENT '日志类型',
  `ipaddr` varchar(255) CHARACTER SET utf8 COLLATE utf8_general_ci NULL DEFAULT NULL COMMENT '操作IP地址',
  `clazz` varchar(255) CHARACTER SET utf8 COLLATE utf8_general_ci NULL DEFAULT NULL COMMENT '产生日志的类',
  `method` varchar(255) CHARACTER SET utf8 COLLATE utf8_general_ci NULL DEFAULT NULL COMMENT '产生日志的方法',
  `model` varchar(255) CHARACTER SET utf8 COLLATE utf8_general_ci NULL DEFAULT NULL COMMENT '产生日志的表',
  `record_id` bigint(20) NULL DEFAULT NULL COMMENT '产生日志的数据id',
  `message` text CHARACTER SET utf8 COLLATE utf8_general_ci NULL COMMENT '日志消息',
  `create_date` datetime(0) NULL DEFAULT NULL COMMENT '记录时间',
  `oper_name` varchar(255) CHARACTER SET utf8 COLLATE utf8_general_ci NULL DEFAULT NULL COMMENT '产生日志的用户昵称',
  `oper_by` bigint(20) NULL DEFAULT NULL COMMENT '产生日志的用户',
  PRIMARY KEY (`id`) USING BTREE,
  INDEX `FK32gm4dja0jetx58r9dc2uljiu`(`oper_by`) USING BTREE,
  CONSTRAINT `FK32gm4dja0jetx58r9dc2uljiu` FOREIGN KEY (`oper_by`) REFERENCES `sys_user` (`id`) ON DELETE RESTRICT ON UPDATE RESTRICT
) ENGINE = InnoDB AUTO_INCREMENT = 1055 CHARACTER SET = utf8 COLLATE = utf8_general_ci ROW_FORMAT = Dynamic;

-- ----------------------------
-- Records of sys_action_log
-- ----------------------------
INSERT INTO `sys_action_log` VALUES (1, '角色状态', 1, '127.0.0.1', 'com.linln.admin.system.controller.RoleController', 'status', NULL, NULL, '删除ID：[15]', '2019-04-28 00:08:45', '超级管理员', 1);
INSERT INTO `sys_action_log` VALUES (2, '日志管理', 1, '127.0.0.1', 'com.linln.admin.system.controller.RoleController', 'save', 'sys_role', 2, '更新日志成功：用户组1', '2019-04-28 00:09:06', '超级管理员', 1);
INSERT INTO `sys_action_log` VALUES (3, '日志管理', 1, '127.0.0.1', 'com.linln.admin.system.controller.RoleController', 'save', 'sys_role', 3, '更新日志成功：用户组2', '2019-04-28 00:09:17', '超级管理员', 1);
INSERT INTO `sys_action_log` VALUES (4, '日志管理', 1, '127.0.0.1', 'com.linln.admin.system.controller.RoleController', 'save', 'sys_role', 2, '更新日志成功：用户组1', '2019-04-28 00:09:28', '超级管理员', 1);
INSERT INTO `sys_action_log` VALUES (5, '日志管理', 1, '127.0.0.1', 'com.linln.admin.system.controller.RoleController', 'save', 'sys_role', 2, '更新日志成功：用户组', '2019-04-28 00:09:32', '超级管理员', 1);
INSERT INTO `sys_action_log` VALUES (6, '日志管理', 1, '127.0.0.1', 'com.linln.admin.system.controller.RoleController', 'save', 'sys_role', 2, '更新日志成功：开发组', '2019-04-28 00:10:00', '超级管理员', 1);
INSERT INTO `sys_action_log` VALUES (7, '日志管理', 1, '127.0.0.1', 'com.linln.admin.system.controller.RoleController', 'save', 'sys_role', 3, '更新日志成功：用户组', '2019-04-28 00:11:09', '超级管理员', 1);
INSERT INTO `sys_action_log` VALUES (8, '菜单状态', 1, '127.0.0.1', 'com.linln.admin.system.controller.MenuController', 'status', NULL, NULL, '删除ID：[6, 2, 7, 16, 15, 17, 18, 19, 20, 4, 5, 11, 12, 13, 14, 1, 3, 8, 9, 10, 136, 137, 138, 139, 140, 21, 22, 23, 24, 25, 26, 27, 28, 30, 31, 125, 146]', '2019-04-28 00:12:55', '超级管理员', 1);
INSERT INTO `sys_action_log` VALUES (9, '菜单管理', 1, '127.0.0.1', 'com.linln.admin.system.controller.MenuController', 'save', 'sys_menu', 157, '添加菜单：主页', '2019-04-28 00:13:59', '超级管理员', 1);
INSERT INTO `sys_action_log` VALUES (10, '菜单管理', 1, '127.0.0.1', 'com.linln.admin.system.controller.MenuController', 'save', 'sys_menu', 158, '添加菜单：系统管理', '2019-04-28 00:14:39', '超级管理员', 1);
INSERT INTO `sys_action_log` VALUES (1051, '用户登录', 2, '0:0:0:0:0:0:0:1', 'com.linln.admin.system.controller.LoginController', 'login', NULL, NULL, '后台登录失败：[admin]用户名或密码错误', '2019-07-03 06:02:05', 'admin', NULL);
INSERT INTO `sys_action_log` VALUES (1052, '用户登录', 2, '0:0:0:0:0:0:0:1', 'com.linln.admin.system.controller.LoginController', 'login', NULL, NULL, '后台登录成功', '2019-07-03 06:02:29', '超级管理员', 1);
INSERT INTO `sys_action_log` VALUES (1053, '用户登录', 2, '0:0:0:0:0:0:0:1', 'com.linln.admin.system.controller.LoginController', 'login', NULL, NULL, '后台登录成功', '2019-07-03 20:04:28', '超级管理员', 1);
INSERT INTO `sys_action_log` VALUES (1054, '用户管理', 1, '0:0:0:0:0:0:0:1', 'com.linln.admin.system.controller.UserController', 'save', 'sys_user', 7, '添加用户成功：dxf', '2019-07-03 20:10:32', '超级管理员', 1);
INSERT INTO `sys_action_log` VALUES (1055, '用户状态', 1, '0:0:0:0:0:0:0:1', 'com.linln.admin.system.controller.UserController', 'updateStatus', NULL, NULL, '删除ID：[2]', '2019-07-03 20:20:14', '超级管理员', 1);
INSERT INTO `sys_action_log` VALUES (1056, '角色状态', 1, '0:0:0:0:0:0:0:1', 'com.linln.admin.system.controller.RoleController', 'status', NULL, NULL, '删除ID：[2, 3]', '2019-07-03 20:20:35', '超级管理员', 1);
INSERT INTO `sys_action_log` VALUES (1057, '日志管理', 1, '0:0:0:0:0:0:0:1', 'com.linln.admin.system.controller.RoleController', 'save', 'sys_role', 16, '添加日志成功：业务员', '2019-07-03 20:22:10', '超级管理员', 1);
INSERT INTO `sys_action_log` VALUES (1058, '角色授权', 1, '0:0:0:0:0:0:0:1', 'com.linln.admin.system.controller.RoleController', 'auth', 'sys_role', 16, '角色授权成功：业务员', '2019-07-03 20:22:29', '超级管理员', 1);
INSERT INTO `sys_action_log` VALUES (1059, '菜单管理', 1, '0:0:0:0:0:0:0:1', 'com.linln.admin.system.controller.MenuController', 'save', 'sys_menu', 164, '添加菜单：公共号码源管理', '2019-07-03 20:24:46', '超级管理员', 1);
INSERT INTO `sys_action_log` VALUES (1060, '菜单管理', 1, '0:0:0:0:0:0:0:1', 'com.linln.admin.system.controller.MenuController', 'save', 'sys_menu', 164, '更新菜单：公共号码源管理', '2019-07-03 20:25:30', '超级管理员', 1);
INSERT INTO `sys_action_log` VALUES (1061, '菜单管理', 1, '0:0:0:0:0:0:0:1', 'com.linln.admin.system.controller.MenuController', 'save', 'sys_menu', 165, '添加菜单：号码分配', '2019-07-03 20:27:03', '超级管理员', 1);
INSERT INTO `sys_action_log` VALUES (1062, '菜单状态', 1, '0:0:0:0:0:0:0:1', 'com.linln.admin.system.controller.MenuController', 'status', NULL, NULL, '删除ID：[159]', '2019-07-03 20:28:36', '超级管理员', 1);
INSERT INTO `sys_action_log` VALUES (1063, '菜单状态', 1, '0:0:0:0:0:0:0:1', 'com.linln.admin.system.controller.MenuController', 'status', NULL, NULL, '删除ID：[165]', '2019-07-03 20:44:46', '超级管理员', 1);
INSERT INTO `sys_action_log` VALUES (1064, '菜单管理', 1, '0:0:0:0:0:0:0:1', 'com.linln.admin.system.controller.MenuController', 'save', 'sys_menu', 166, '更新菜单：号码分配', '2019-07-03 20:45:08', '超级管理员', 1);
INSERT INTO `sys_action_log` VALUES (1065, '用户登录', 2, '0:0:0:0:0:0:0:1', 'com.linln.admin.system.controller.LoginController', 'login', NULL, NULL, '后台登录成功', '2019-07-03 20:51:14', '超级管理员', 1);
INSERT INTO `sys_action_log` VALUES (1066, '系统异常', 3, '0:0:0:0:0:0:0:1', 'com.linln.component.actionLog.exception.ActionLogProceedAdvice', 'run', NULL, NULL, 'org.springframework.data.mapping.PropertyReferenceException: No property createDate found for type CellNumLib!\n	org.springframework.data.mapping.PropertyPath.<init>(PropertyPath.java:94)\n	org.springframework.data.mapping.PropertyPath.create(PropertyPath.java:382)\n	org.springframework.data.mapping.PropertyPath.create(PropertyPath.java:358)\n	org.springframework.data.mapping.PropertyPath.lambda$from$0(PropertyPath.java:311)\n	java.base/java.util.concurrent.ConcurrentMap.computeIfAbsent(ConcurrentMap.java:330)\n	org.springframework.data.mapping.PropertyPath.from(PropertyPath.java:293)\n	org.springframework.data.mapping.PropertyPath.from(PropertyPath.java:276)\n	org.springframework.data.jpa.repository.query.QueryUtils.toJpaOrder(QueryUtils.java:564)\n	org.springframework.data.jpa.repository.query.QueryUtils.toOrders(QueryUtils.java:517)\n	org.springframework.data.jpa.repository.support.SimpleJpaRepository.getQuery(SimpleJpaRepository.java:629)\n	org.springframework.data.jpa.repository.support.SimpleJpaRepository.getQuery(SimpleJpaRepository.java:598)\n	org.springframework.data.jpa.repository.support.SimpleJpaRepository.findAll(SimpleJpaRepository.java:460)\n	java.base/jdk.internal.reflect.NativeMethodAccessorImpl.invoke0(Native Method)\n	java.base/jdk.internal.reflect.NativeMethodAccessorImpl.invoke(NativeMethodAccessorImpl.java:62)\n	java.base/jdk.internal.reflect.DelegatingMethodAccessorImpl.invoke(DelegatingMethodAccessorImpl.java:43)\n	java.base/java.lang.reflect.Method.invoke(Method.java:566)\n	org.springframework.data.repository.core.support.RepositoryComposition$RepositoryFragments.invoke(RepositoryComposition.java:359)\n	org.springframework.data.repository.core.support.RepositoryComposition.invoke(RepositoryComposition.java:200)\n	org.springframework.data.repository.core.support.RepositoryFactorySupport$ImplementationMethodExecutionInterceptor.invoke(RepositoryFactorySupport.java:644)\n	org.springframework.aop.framework.ReflectiveMethodInvocation.proceed(ReflectiveMethodInvocation.java:186)\n	org.springframework.data.repository.core.support.RepositoryFactorySupport$QueryExecutorMethodInterceptor.doInvoke(RepositoryFactorySupport.java:608)\n	org.springframework.data.repository.core.support.RepositoryFactorySupport$QueryExecutorMethodInterceptor.lambda$invoke$3(RepositoryFactorySupport.java:595)\n	org.springframework.data.repository.core.support.RepositoryFactorySupport$QueryExecutorMethodInterceptor.invoke(RepositoryFactorySupport.java:595)\n	org.springframework.aop.framework.ReflectiveMethodInvocation.proceed(ReflectiveMethodInvocation.java:186)\n	org.springframework.data.projection.DefaultMethodInvokingMethodInterceptor.invoke(DefaultMethodInvokingMethodInterceptor.java:59)\n	org.springframework.aop.framework.ReflectiveMethodInvocation.proceed(ReflectiveMethodInvocation.java:186)\n	org.springframework.transaction.interceptor.TransactionAspectSupport.invokeWithinTransaction(TransactionAspectSupport.java:294)\n	org.springframework.transaction.interceptor.TransactionInterceptor.invoke(TransactionInterceptor.java:98)\n	org.springframework.aop.framework.ReflectiveMethodInvocation.proceed(ReflectiveMethodInvocation.java:186)\n	org.springframework.dao.support.PersistenceExceptionTranslationInterceptor.invoke(PersistenceExceptionTranslationInterceptor.java:139)\n	org.springframework.aop.framework.ReflectiveMethodInvocation.proceed(ReflectiveMethodInvocation.java:186)\n	org.springframework.data.jpa.repository.support.CrudMethodMetadataPostProcessor$CrudMethodMetadataPopulatingMethodInterceptor.invoke(CrudMethodMetadataPostProcessor.java:138)\n	org.springframework.aop.framework.ReflectiveMethodInvocation.proceed(ReflectiveMethodInvocation.java:186)\n	org.springframework.aop.interceptor.ExposeInvocationInterceptor.invoke(ExposeInvocationInterceptor.java:93)\n	org.springframework.aop.framework.ReflectiveMethodInvocation.proceed(ReflectiveMethodInvocation.java:186)\n	org.springframework.data.repository.core.support.SurroundingTransactionDetectorMethodInterceptor.invoke(SurroundingTransactionDetectorMethodInterceptor.java:61)\n	org.springframework.aop.framework.ReflectiveMethodInvocation.proceed(ReflectiveMethodInvocation.java:186)\n	org.springframework.aop.framework.JdkDynamicAopProxy.invoke(JdkDynamicAopProxy.java:212)\n	com.sun.proxy.$Proxy141.findAll(Unknown Source)\n	com.linln.admin.crm.service.impl.CellNumLibServiceImpl.getPageList(CellNumLibServiceImpl.java:46)\n	com.linln.admin.crm.service.impl.CellNumLibServiceImpl$$FastClassBySpringCGLIB$$91221156.invoke(<generated>)\n	org.springframework.cglib.proxy.MethodProxy.invoke(MethodProxy.java:218)\n	org.springframework.aop.framework.CglibAopProxy$DynamicAdvisedInterceptor.intercept(CglibAopProxy.java:684)\n	com.linln.admin.crm.service.impl.CellNumLibServiceImpl$$EnhancerBySpringCGLIB$$9d35ab20.getPageList(<generated>)\n	com.linln.admin.crm.controller.CellNumLibController.index(CellNumLibController.java:46)\n	com.linln.admin.crm.controller.CellNumLibController$$FastClassBySpringCGLIB$$c9a600d8.invoke(<generated>)\n	org.springframework.cglib.proxy.MethodProxy.invoke(MethodProxy.java:218)\n	org.springframework.aop.framework.CglibAopProxy$CglibMethodInvocation.invokeJoinpoint(CglibAopProxy.java:749)\n	org.springframework.aop.framework.ReflectiveMethodInvocation.proceed(ReflectiveMethodInvocation.java:163)\n	org.apache.shiro.spring.security.interceptor.AopAllianceAnnotationsAuthorizingMethodInterceptor$1.proceed(AopAllianceAnnotationsAuthorizingMethodInterceptor.java:82)\n	org.apache.shiro.authz.aop.AuthorizingMethodInterceptor.invoke(AuthorizingMethodInterceptor.java:39)\n	org.apache.shiro.spring.security.interceptor.AopAllianceAnnotationsAuthorizingMethodInterceptor.invoke(AopAllianceAnnotationsAuthorizingMethodInterceptor.java:115)\n	org.springframework.aop.framework.ReflectiveMethodInvocation.proceed(ReflectiveMethodInvocation.java:186)\n	org.springframework.aop.framework.CglibAopProxy$DynamicAdvisedInterceptor.intercept(CglibAopProxy.java:688)\n	com.linln.admin.crm.controller.CellNumLibController$$EnhancerBySpringCGLIB$$a2265e98.index(<generated>)\n	java.base/jdk.internal.reflect.NativeMethodAccessorImpl.invoke0(Native Method)\n	java.base/jdk.internal.reflect.NativeMethodAccessorImpl.invoke(NativeMethodAccessorImpl.java:62)\n	java.base/jdk.internal.reflect.DelegatingMethodAccessorImpl.invoke(DelegatingMethodAccessorImpl.java:43)\n	java.base/java.lang.reflect.Method.invoke(Method.java:566)\n	org.springframework.web.method.support.InvocableHandlerMethod.doInvoke(InvocableHandlerMethod.java:189)\n	org.springframework.web.method.support.InvocableHandlerMethod.invokeForRequest(InvocableHandlerMethod.java:138)\n	org.springframework.web.servlet.mvc.method.annotation.ServletInvocableHandlerMethod.invokeAndHandle(ServletInvocableHandlerMethod.java:102)\n	org.springframework.web.servlet.mvc.method.annotation.RequestMappingHandlerAdapter.invokeHandlerMethod(RequestMappingHandlerAdapter.java:892)\n	org.springframework.web.servlet.mvc.method.annotation.RequestMappingHandlerAdapter.handleInternal(RequestMappingHandlerAdapter.java:797)\n	org.springframework.web.servlet.mvc.method.AbstractHandlerMethodAdapter.handle(AbstractHandlerMethodAdapter.java:87)\n	org.springframework.web.servlet.DispatcherServlet.doDispatch(DispatcherServlet.java:1038)\n	org.springframework.web.servlet.DispatcherServlet.doService(DispatcherServlet.java:942)\n	org.springframework.web.servlet.FrameworkServlet.processRequest(FrameworkServlet.java:1005)\n	org.springframework.web.servlet.FrameworkServlet.doGet(FrameworkServlet.java:897)\n	javax.servlet.http.HttpServlet.service(HttpServlet.java:634)\n	org.springframework.web.servlet.FrameworkServlet.service(FrameworkServlet.java:882)\n	javax.servlet.http.HttpServlet.service(HttpServlet.java:741)\n	org.apache.catalina.core.ApplicationFilterChain.internalDoFilter(ApplicationFilterChain.java:231)\n	org.apache.catalina.core.ApplicationFilterChain.doFilter(ApplicationFilterChain.java:166)\n	org.apache.tomcat.websocket.server.WsFilter.doFilter(WsFilter.java:53)\n	org.apache.catalina.core.ApplicationFilterChain.internalDoFilter(ApplicationFilterChain.java:193)\n	org.apache.catalina.core.ApplicationFilterChain.doFilter(ApplicationFilterChain.java:166)\n	org.apache.shiro.web.servlet.ProxiedFilterChain.doFilter(ProxiedFilterChain.java:61)\n	org.apache.shiro.web.servlet.AdviceFilter.executeChain(AdviceFilter.java:108)\n	org.apache.shiro.web.servlet.AdviceFilter.doFilterInternal(AdviceFilter.java:137)\n	org.apache.shiro.web.servlet.OncePerRequestFilter.doFilter(OncePerRequestFilter.java:125)\n	org.apache.shiro.web.servlet.ProxiedFilterChain.doFilter(ProxiedFilterChain.java:66)\n	org.apache.shiro.web.servlet.AbstractShiroFilter.executeChain(AbstractShiroFilter.java:449)\n	org.apache.shiro.web.servlet.AbstractShiroFilter$1.call(AbstractShiroFilter.java:365)\n	org.apache.shiro.subject.support.SubjectCallable.doCall(SubjectCallable.java:90)\n	org.apache.shiro.subject.support.SubjectCallable.call(SubjectCallable.java:83)\n	org.apache.shiro.subject.support.DelegatingSubject.execute(DelegatingSubject.java:387)\n	org.apache.shiro.web.servlet.AbstractShiroFilter.doFilterInternal(AbstractShiroFilter.java:362)\n	org.apache.shiro.web.servlet.OncePerRequestFilter.doFilter(OncePerRequestFilter.java:125)\n	org.apache.catalina.core.ApplicationFilterChain.internalDoFilter(ApplicationFilterChain.java:193)\n	org.apache.catalina.core.ApplicationFilterChain.doFilter(ApplicationFilterChain.java:166)\n	com.linln.common.xss.XssFilter.doFilter(XssFilter.java:47)\n	org.apache.catalina.core.ApplicationFilterChain.internalDoFilter(ApplicationFilterChain.java:193)\n	org.apache.catalina.core.ApplicationFilterChain.doFilter(ApplicationFilterChain.java:166)\n	org.springframework.web.filter.RequestContextFilter.doFilterInternal(RequestContextFilter.java:99)\n	org.springframework.web.filter.OncePerRequestFilter.doFilter(OncePerRequestFilter.java:107)\n	org.apache.catalina.core.ApplicationFilterChain.internalDoFilter(ApplicationFilterChain.java:193)\n	org.apache.catalina.core.ApplicationFilterChain.doFilter(ApplicationFilterChain.java:166)\n	org.springframework.web.filter.FormContentFilter.doFilterInternal(FormContentFilter.java:92)\n	org.springframework.web.filter.OncePerRequestFilter.doFilter(OncePerRequestFilter.java:107)\n	org.apache.catalina.core.ApplicationFilterChain.internalDoFilter(ApplicationFilterChain.java:193)\n	org.apache.catalina.core.ApplicationFilterChain.doFilter(ApplicationFilterChain.java:166)\n	org.springframework.web.filter.HiddenHttpMethodFilter.doFilterInternal(HiddenHttpMethodFilter.java:93)\n	org.springframework.web.filter.OncePerRequestFilter.doFilter(OncePerRequestFilter.java:107)\n	org.apache.catalina.core.ApplicationFilterChain.internalDoFilter(ApplicationFilterChain.java:193)\n	org.apache.catalina.core.ApplicationFilterChain.doFilter(ApplicationFilterChain.java:166)\n	org.springframework.web.filter.CharacterEncodingFilter.doFilterInternal(CharacterEncodingFilter.java:200)\n	org.springframework.web.filter.OncePerRequestFilter.doFilter(OncePerRequestFilter.java:107)\n	org.apache.catalina.core.ApplicationFilterChain.internalDoFilter(ApplicationFilterChain.java:193)\n	org.apache.catalina.core.ApplicationFilterChain.doFilter(ApplicationFilterChain.java:166)\n	org.apache.catalina.core.StandardWrapperValve.invoke(StandardWrapperValve.java:200)\n	org.apache.catalina.core.StandardContextValve.invoke(StandardContextValve.java:96)\n	org.apache.catalina.authenticator.AuthenticatorBase.invoke(AuthenticatorBase.java:490)\n	org.apache.catalina.core.StandardHostValve.invoke(StandardHostValve.java:139)\n	org.apache.catalina.valves.ErrorReportValve.invoke(ErrorReportValve.java:92)\n	org.apache.catalina.core.StandardEngineValve.invoke(StandardEngineValve.java:74)\n	org.apache.catalina.connector.CoyoteAdapter.service(CoyoteAdapter.java:343)\n	org.apache.coyote.http11.Http11Processor.service(Http11Processor.java:408)\n	org.apache.coyote.AbstractProcessorLight.process(AbstractProcessorLight.java:66)\n	org.apache.coyote.AbstractProtocol$ConnectionHandler.process(AbstractProtocol.java:834)\n	org.apache.tomcat.util.net.NioEndpoint$SocketProcessor.doRun(NioEndpoint.java:1415)\n	org.apache.tomcat.util.net.SocketProcessorBase.run(SocketProcessorBase.java:49)\n	java.base/java.util.concurrent.ThreadPoolExecutor.runWorker(ThreadPoolExecutor.java:1128)\n	java.base/java.util.concurrent.ThreadPoolExecutor$Worker.run(ThreadPoolExecutor.java:628)\n	org.apache.tomcat.util.threads.TaskThread$WrappingRunnable.run(TaskThread.java:61)\n	java.base/java.lang.Thread.run(Thread.java:834)', '2019-07-03 20:51:19', '系统', 1);
INSERT INTO `sys_action_log` VALUES (1067, '系统异常', 3, '0:0:0:0:0:0:0:1', 'com.linln.component.actionLog.exception.ActionLogProceedAdvice', 'run', NULL, NULL, 'org.springframework.data.mapping.PropertyReferenceException: No property createDate found for type CellNumLib!\n	org.springframework.data.mapping.PropertyPath.<init>(PropertyPath.java:94)\n	org.springframework.data.mapping.PropertyPath.create(PropertyPath.java:382)\n	org.springframework.data.mapping.PropertyPath.create(PropertyPath.java:358)\n	org.springframework.data.mapping.PropertyPath.lambda$from$0(PropertyPath.java:311)\n	java.base/java.util.concurrent.ConcurrentMap.computeIfAbsent(ConcurrentMap.java:330)\n	org.springframework.data.mapping.PropertyPath.from(PropertyPath.java:293)\n	org.springframework.data.mapping.PropertyPath.from(PropertyPath.java:276)\n	org.springframework.data.jpa.repository.query.QueryUtils.toJpaOrder(QueryUtils.java:564)\n	org.springframework.data.jpa.repository.query.QueryUtils.toOrders(QueryUtils.java:517)\n	org.springframework.data.jpa.repository.support.SimpleJpaRepository.getQuery(SimpleJpaRepository.java:629)\n	org.springframework.data.jpa.repository.support.SimpleJpaRepository.getQuery(SimpleJpaRepository.java:598)\n	org.springframework.data.jpa.repository.support.SimpleJpaRepository.findAll(SimpleJpaRepository.java:460)\n	java.base/jdk.internal.reflect.NativeMethodAccessorImpl.invoke0(Native Method)\n	java.base/jdk.internal.reflect.NativeMethodAccessorImpl.invoke(NativeMethodAccessorImpl.java:62)\n	java.base/jdk.internal.reflect.DelegatingMethodAccessorImpl.invoke(DelegatingMethodAccessorImpl.java:43)\n	java.base/java.lang.reflect.Method.invoke(Method.java:566)\n	org.springframework.data.repository.core.support.RepositoryComposition$RepositoryFragments.invoke(RepositoryComposition.java:359)\n	org.springframework.data.repository.core.support.RepositoryComposition.invoke(RepositoryComposition.java:200)\n	org.springframework.data.repository.core.support.RepositoryFactorySupport$ImplementationMethodExecutionInterceptor.invoke(RepositoryFactorySupport.java:644)\n	org.springframework.aop.framework.ReflectiveMethodInvocation.proceed(ReflectiveMethodInvocation.java:186)\n	org.springframework.data.repository.core.support.RepositoryFactorySupport$QueryExecutorMethodInterceptor.doInvoke(RepositoryFactorySupport.java:608)\n	org.springframework.data.repository.core.support.RepositoryFactorySupport$QueryExecutorMethodInterceptor.lambda$invoke$3(RepositoryFactorySupport.java:595)\n	org.springframework.data.repository.core.support.RepositoryFactorySupport$QueryExecutorMethodInterceptor.invoke(RepositoryFactorySupport.java:595)\n	org.springframework.aop.framework.ReflectiveMethodInvocation.proceed(ReflectiveMethodInvocation.java:186)\n	org.springframework.data.projection.DefaultMethodInvokingMethodInterceptor.invoke(DefaultMethodInvokingMethodInterceptor.java:59)\n	org.springframework.aop.framework.ReflectiveMethodInvocation.proceed(ReflectiveMethodInvocation.java:186)\n	org.springframework.transaction.interceptor.TransactionAspectSupport.invokeWithinTransaction(TransactionAspectSupport.java:294)\n	org.springframework.transaction.interceptor.TransactionInterceptor.invoke(TransactionInterceptor.java:98)\n	org.springframework.aop.framework.ReflectiveMethodInvocation.proceed(ReflectiveMethodInvocation.java:186)\n	org.springframework.dao.support.PersistenceExceptionTranslationInterceptor.invoke(PersistenceExceptionTranslationInterceptor.java:139)\n	org.springframework.aop.framework.ReflectiveMethodInvocation.proceed(ReflectiveMethodInvocation.java:186)\n	org.springframework.data.jpa.repository.support.CrudMethodMetadataPostProcessor$CrudMethodMetadataPopulatingMethodInterceptor.invoke(CrudMethodMetadataPostProcessor.java:138)\n	org.springframework.aop.framework.ReflectiveMethodInvocation.proceed(ReflectiveMethodInvocation.java:186)\n	org.springframework.aop.interceptor.ExposeInvocationInterceptor.invoke(ExposeInvocationInterceptor.java:93)\n	org.springframework.aop.framework.ReflectiveMethodInvocation.proceed(ReflectiveMethodInvocation.java:186)\n	org.springframework.data.repository.core.support.SurroundingTransactionDetectorMethodInterceptor.invoke(SurroundingTransactionDetectorMethodInterceptor.java:61)\n	org.springframework.aop.framework.ReflectiveMethodInvocation.proceed(ReflectiveMethodInvocation.java:186)\n	org.springframework.aop.framework.JdkDynamicAopProxy.invoke(JdkDynamicAopProxy.java:212)\n	com.sun.proxy.$Proxy141.findAll(Unknown Source)\n	com.linln.admin.crm.service.impl.CellNumLibServiceImpl.getPageList(CellNumLibServiceImpl.java:46)\n	com.linln.admin.crm.service.impl.CellNumLibServiceImpl$$FastClassBySpringCGLIB$$91221156.invoke(<generated>)\n	org.springframework.cglib.proxy.MethodProxy.invoke(MethodProxy.java:218)\n	org.springframework.aop.framework.CglibAopProxy$DynamicAdvisedInterceptor.intercept(CglibAopProxy.java:684)\n	com.linln.admin.crm.service.impl.CellNumLibServiceImpl$$EnhancerBySpringCGLIB$$382edc71.getPageList(<generated>)\n	com.linln.admin.crm.controller.CellNumLibController.index(CellNumLibController.java:46)\n	com.linln.admin.crm.controller.CellNumLibController$$FastClassBySpringCGLIB$$c9a600d8.invoke(<generated>)\n	org.springframework.cglib.proxy.MethodProxy.invoke(MethodProxy.java:218)\n	org.springframework.aop.framework.CglibAopProxy$CglibMethodInvocation.invokeJoinpoint(CglibAopProxy.java:749)\n	org.springframework.aop.framework.ReflectiveMethodInvocation.proceed(ReflectiveMethodInvocation.java:163)\n	org.apache.shiro.spring.security.interceptor.AopAllianceAnnotationsAuthorizingMethodInterceptor$1.proceed(AopAllianceAnnotationsAuthorizingMethodInterceptor.java:82)\n	org.apache.shiro.authz.aop.AuthorizingMethodInterceptor.invoke(AuthorizingMethodInterceptor.java:39)\n	org.apache.shiro.spring.security.interceptor.AopAllianceAnnotationsAuthorizingMethodInterceptor.invoke(AopAllianceAnnotationsAuthorizingMethodInterceptor.java:115)\n	org.springframework.aop.framework.ReflectiveMethodInvocation.proceed(ReflectiveMethodInvocation.java:186)\n	org.springframework.aop.framework.CglibAopProxy$DynamicAdvisedInterceptor.intercept(CglibAopProxy.java:688)\n	com.linln.admin.crm.controller.CellNumLibController$$EnhancerBySpringCGLIB$$e96ba15e.index(<generated>)\n	java.base/jdk.internal.reflect.NativeMethodAccessorImpl.invoke0(Native Method)\n	java.base/jdk.internal.reflect.NativeMethodAccessorImpl.invoke(NativeMethodAccessorImpl.java:62)\n	java.base/jdk.internal.reflect.DelegatingMethodAccessorImpl.invoke(DelegatingMethodAccessorImpl.java:43)\n	java.base/java.lang.reflect.Method.invoke(Method.java:566)\n	org.springframework.web.method.support.InvocableHandlerMethod.doInvoke(InvocableHandlerMethod.java:189)\n	org.springframework.web.method.support.InvocableHandlerMethod.invokeForRequest(InvocableHandlerMethod.java:138)\n	org.springframework.web.servlet.mvc.method.annotation.ServletInvocableHandlerMethod.invokeAndHandle(ServletInvocableHandlerMethod.java:102)\n	org.springframework.web.servlet.mvc.method.annotation.RequestMappingHandlerAdapter.invokeHandlerMethod(RequestMappingHandlerAdapter.java:892)\n	org.springframework.web.servlet.mvc.method.annotation.RequestMappingHandlerAdapter.handleInternal(RequestMappingHandlerAdapter.java:797)\n	org.springframework.web.servlet.mvc.method.AbstractHandlerMethodAdapter.handle(AbstractHandlerMethodAdapter.java:87)\n	org.springframework.web.servlet.DispatcherServlet.doDispatch(DispatcherServlet.java:1038)\n	org.springframework.web.servlet.DispatcherServlet.doService(DispatcherServlet.java:942)\n	org.springframework.web.servlet.FrameworkServlet.processRequest(FrameworkServlet.java:1005)\n	org.springframework.web.servlet.FrameworkServlet.doGet(FrameworkServlet.java:897)\n	javax.servlet.http.HttpServlet.service(HttpServlet.java:634)\n	org.springframework.web.servlet.FrameworkServlet.service(FrameworkServlet.java:882)\n	javax.servlet.http.HttpServlet.service(HttpServlet.java:741)\n	org.apache.catalina.core.ApplicationFilterChain.internalDoFilter(ApplicationFilterChain.java:231)\n	org.apache.catalina.core.ApplicationFilterChain.doFilter(ApplicationFilterChain.java:166)\n	org.apache.tomcat.websocket.server.WsFilter.doFilter(WsFilter.java:53)\n	org.apache.catalina.core.ApplicationFilterChain.internalDoFilter(ApplicationFilterChain.java:193)\n	org.apache.catalina.core.ApplicationFilterChain.doFilter(ApplicationFilterChain.java:166)\n	org.apache.shiro.web.servlet.ProxiedFilterChain.doFilter(ProxiedFilterChain.java:61)\n	org.apache.shiro.web.servlet.AdviceFilter.executeChain(AdviceFilter.java:108)\n	org.apache.shiro.web.servlet.AdviceFilter.doFilterInternal(AdviceFilter.java:137)\n	org.apache.shiro.web.servlet.OncePerRequestFilter.doFilter(OncePerRequestFilter.java:125)\n	org.apache.shiro.web.servlet.ProxiedFilterChain.doFilter(ProxiedFilterChain.java:66)\n	org.apache.shiro.web.servlet.AbstractShiroFilter.executeChain(AbstractShiroFilter.java:449)\n	org.apache.shiro.web.servlet.AbstractShiroFilter$1.call(AbstractShiroFilter.java:365)\n	org.apache.shiro.subject.support.SubjectCallable.doCall(SubjectCallable.java:90)\n	org.apache.shiro.subject.support.SubjectCallable.call(SubjectCallable.java:83)\n	org.apache.shiro.subject.support.DelegatingSubject.execute(DelegatingSubject.java:387)\n	org.apache.shiro.web.servlet.AbstractShiroFilter.doFilterInternal(AbstractShiroFilter.java:362)\n	org.apache.shiro.web.servlet.OncePerRequestFilter.doFilter(OncePerRequestFilter.java:125)\n	org.apache.catalina.core.ApplicationFilterChain.internalDoFilter(ApplicationFilterChain.java:193)\n	org.apache.catalina.core.ApplicationFilterChain.doFilter(ApplicationFilterChain.java:166)\n	com.linln.common.xss.XssFilter.doFilter(XssFilter.java:47)\n	org.apache.catalina.core.ApplicationFilterChain.internalDoFilter(ApplicationFilterChain.java:193)\n	org.apache.catalina.core.ApplicationFilterChain.doFilter(ApplicationFilterChain.java:166)\n	org.springframework.web.filter.RequestContextFilter.doFilterInternal(RequestContextFilter.java:99)\n	org.springframework.web.filter.OncePerRequestFilter.doFilter(OncePerRequestFilter.java:107)\n	org.apache.catalina.core.ApplicationFilterChain.internalDoFilter(ApplicationFilterChain.java:193)\n	org.apache.catalina.core.ApplicationFilterChain.doFilter(ApplicationFilterChain.java:166)\n	org.springframework.web.filter.FormContentFilter.doFilterInternal(FormContentFilter.java:92)\n	org.springframework.web.filter.OncePerRequestFilter.doFilter(OncePerRequestFilter.java:107)\n	org.apache.catalina.core.ApplicationFilterChain.internalDoFilter(ApplicationFilterChain.java:193)\n	org.apache.catalina.core.ApplicationFilterChain.doFilter(ApplicationFilterChain.java:166)\n	org.springframework.web.filter.HiddenHttpMethodFilter.doFilterInternal(HiddenHttpMethodFilter.java:93)\n	org.springframework.web.filter.OncePerRequestFilter.doFilter(OncePerRequestFilter.java:107)\n	org.apache.catalina.core.ApplicationFilterChain.internalDoFilter(ApplicationFilterChain.java:193)\n	org.apache.catalina.core.ApplicationFilterChain.doFilter(ApplicationFilterChain.java:166)\n	org.springframework.web.filter.CharacterEncodingFilter.doFilterInternal(CharacterEncodingFilter.java:200)\n	org.springframework.web.filter.OncePerRequestFilter.doFilter(OncePerRequestFilter.java:107)\n	org.apache.catalina.core.ApplicationFilterChain.internalDoFilter(ApplicationFilterChain.java:193)\n	org.apache.catalina.core.ApplicationFilterChain.doFilter(ApplicationFilterChain.java:166)\n	org.apache.catalina.core.StandardWrapperValve.invoke(StandardWrapperValve.java:200)\n	org.apache.catalina.core.StandardContextValve.invoke(StandardContextValve.java:96)\n	org.apache.catalina.authenticator.AuthenticatorBase.invoke(AuthenticatorBase.java:490)\n	org.apache.catalina.core.StandardHostValve.invoke(StandardHostValve.java:139)\n	org.apache.catalina.valves.ErrorReportValve.invoke(ErrorReportValve.java:92)\n	org.apache.catalina.core.StandardEngineValve.invoke(StandardEngineValve.java:74)\n	org.apache.catalina.connector.CoyoteAdapter.service(CoyoteAdapter.java:343)\n	org.apache.coyote.http11.Http11Processor.service(Http11Processor.java:408)\n	org.apache.coyote.AbstractProcessorLight.process(AbstractProcessorLight.java:66)\n	org.apache.coyote.AbstractProtocol$ConnectionHandler.process(AbstractProtocol.java:834)\n	org.apache.tomcat.util.net.NioEndpoint$SocketProcessor.doRun(NioEndpoint.java:1415)\n	org.apache.tomcat.util.net.SocketProcessorBase.run(SocketProcessorBase.java:49)\n	java.base/java.util.concurrent.ThreadPoolExecutor.runWorker(ThreadPoolExecutor.java:1128)\n	java.base/java.util.concurrent.ThreadPoolExecutor$Worker.run(ThreadPoolExecutor.java:628)\n	org.apache.tomcat.util.threads.TaskThread$WrappingRunnable.run(TaskThread.java:61)\n	java.base/java.lang.Thread.run(Thread.java:834)', '2019-07-03 21:01:11', '系统', 1);
INSERT INTO `sys_action_log` VALUES (1068, '系统异常', 3, '0:0:0:0:0:0:0:1', 'com.linln.component.actionLog.exception.ActionLogProceedAdvice', 'run', NULL, NULL, 'org.springframework.data.mapping.PropertyReferenceException: No property createDate found for type CellNumLib!\n	org.springframework.data.mapping.PropertyPath.<init>(PropertyPath.java:94)\n	org.springframework.data.mapping.PropertyPath.create(PropertyPath.java:382)\n	org.springframework.data.mapping.PropertyPath.create(PropertyPath.java:358)\n	org.springframework.data.mapping.PropertyPath.lambda$from$0(PropertyPath.java:311)\n	java.base/java.util.concurrent.ConcurrentMap.computeIfAbsent(ConcurrentMap.java:330)\n	org.springframework.data.mapping.PropertyPath.from(PropertyPath.java:293)\n	org.springframework.data.mapping.PropertyPath.from(PropertyPath.java:276)\n	org.springframework.data.jpa.repository.query.QueryUtils.toJpaOrder(QueryUtils.java:564)\n	org.springframework.data.jpa.repository.query.QueryUtils.toOrders(QueryUtils.java:517)\n	org.springframework.data.jpa.repository.support.SimpleJpaRepository.getQuery(SimpleJpaRepository.java:629)\n	org.springframework.data.jpa.repository.support.SimpleJpaRepository.getQuery(SimpleJpaRepository.java:598)\n	org.springframework.data.jpa.repository.support.SimpleJpaRepository.findAll(SimpleJpaRepository.java:460)\n	java.base/jdk.internal.reflect.NativeMethodAccessorImpl.invoke0(Native Method)\n	java.base/jdk.internal.reflect.NativeMethodAccessorImpl.invoke(NativeMethodAccessorImpl.java:62)\n	java.base/jdk.internal.reflect.DelegatingMethodAccessorImpl.invoke(DelegatingMethodAccessorImpl.java:43)\n	java.base/java.lang.reflect.Method.invoke(Method.java:566)\n	org.springframework.data.repository.core.support.RepositoryComposition$RepositoryFragments.invoke(RepositoryComposition.java:359)\n	org.springframework.data.repository.core.support.RepositoryComposition.invoke(RepositoryComposition.java:200)\n	org.springframework.data.repository.core.support.RepositoryFactorySupport$ImplementationMethodExecutionInterceptor.invoke(RepositoryFactorySupport.java:644)\n	org.springframework.aop.framework.ReflectiveMethodInvocation.proceed(ReflectiveMethodInvocation.java:186)\n	org.springframework.data.repository.core.support.RepositoryFactorySupport$QueryExecutorMethodInterceptor.doInvoke(RepositoryFactorySupport.java:608)\n	org.springframework.data.repository.core.support.RepositoryFactorySupport$QueryExecutorMethodInterceptor.lambda$invoke$3(RepositoryFactorySupport.java:595)\n	org.springframework.data.repository.core.support.RepositoryFactorySupport$QueryExecutorMethodInterceptor.invoke(RepositoryFactorySupport.java:595)\n	org.springframework.aop.framework.ReflectiveMethodInvocation.proceed(ReflectiveMethodInvocation.java:186)\n	org.springframework.data.projection.DefaultMethodInvokingMethodInterceptor.invoke(DefaultMethodInvokingMethodInterceptor.java:59)\n	org.springframework.aop.framework.ReflectiveMethodInvocation.proceed(ReflectiveMethodInvocation.java:186)\n	org.springframework.transaction.interceptor.TransactionAspectSupport.invokeWithinTransaction(TransactionAspectSupport.java:294)\n	org.springframework.transaction.interceptor.TransactionInterceptor.invoke(TransactionInterceptor.java:98)\n	org.springframework.aop.framework.ReflectiveMethodInvocation.proceed(ReflectiveMethodInvocation.java:186)\n	org.springframework.dao.support.PersistenceExceptionTranslationInterceptor.invoke(PersistenceExceptionTranslationInterceptor.java:139)\n	org.springframework.aop.framework.ReflectiveMethodInvocation.proceed(ReflectiveMethodInvocation.java:186)\n	org.springframework.data.jpa.repository.support.CrudMethodMetadataPostProcessor$CrudMethodMetadataPopulatingMethodInterceptor.invoke(CrudMethodMetadataPostProcessor.java:138)\n	org.springframework.aop.framework.ReflectiveMethodInvocation.proceed(ReflectiveMethodInvocation.java:186)\n	org.springframework.aop.interceptor.ExposeInvocationInterceptor.invoke(ExposeInvocationInterceptor.java:93)\n	org.springframework.aop.framework.ReflectiveMethodInvocation.proceed(ReflectiveMethodInvocation.java:186)\n	org.springframework.data.repository.core.support.SurroundingTransactionDetectorMethodInterceptor.invoke(SurroundingTransactionDetectorMethodInterceptor.java:61)\n	org.springframework.aop.framework.ReflectiveMethodInvocation.proceed(ReflectiveMethodInvocation.java:186)\n	org.springframework.aop.framework.JdkDynamicAopProxy.invoke(JdkDynamicAopProxy.java:212)\n	com.sun.proxy.$Proxy141.findAll(Unknown Source)\n	com.linln.admin.crm.service.impl.CellNumLibServiceImpl.getPageList(CellNumLibServiceImpl.java:46)\n	com.linln.admin.crm.service.impl.CellNumLibServiceImpl$$FastClassBySpringCGLIB$$91221156.invoke(<generated>)\n	org.springframework.cglib.proxy.MethodProxy.invoke(MethodProxy.java:218)\n	org.springframework.aop.framework.CglibAopProxy$DynamicAdvisedInterceptor.intercept(CglibAopProxy.java:684)\n	com.linln.admin.crm.service.impl.CellNumLibServiceImpl$$EnhancerBySpringCGLIB$$382edc71.getPageList(<generated>)\n	com.linln.admin.crm.controller.CellNumLibController.index(CellNumLibController.java:46)\n	com.linln.admin.crm.controller.CellNumLibController$$FastClassBySpringCGLIB$$c9a600d8.invoke(<generated>)\n	org.springframework.cglib.proxy.MethodProxy.invoke(MethodProxy.java:218)\n	org.springframework.aop.framework.CglibAopProxy$CglibMethodInvocation.invokeJoinpoint(CglibAopProxy.java:749)\n	org.springframework.aop.framework.ReflectiveMethodInvocation.proceed(ReflectiveMethodInvocation.java:163)\n	org.apache.shiro.spring.security.interceptor.AopAllianceAnnotationsAuthorizingMethodInterceptor$1.proceed(AopAllianceAnnotationsAuthorizingMethodInterceptor.java:82)\n	org.apache.shiro.authz.aop.AuthorizingMethodInterceptor.invoke(AuthorizingMethodInterceptor.java:39)\n	org.apache.shiro.spring.security.interceptor.AopAllianceAnnotationsAuthorizingMethodInterceptor.invoke(AopAllianceAnnotationsAuthorizingMethodInterceptor.java:115)\n	org.springframework.aop.framework.ReflectiveMethodInvocation.proceed(ReflectiveMethodInvocation.java:186)\n	org.springframework.aop.framework.CglibAopProxy$DynamicAdvisedInterceptor.intercept(CglibAopProxy.java:688)\n	com.linln.admin.crm.controller.CellNumLibController$$EnhancerBySpringCGLIB$$e96ba15e.index(<generated>)\n	java.base/jdk.internal.reflect.NativeMethodAccessorImpl.invoke0(Native Method)\n	java.base/jdk.internal.reflect.NativeMethodAccessorImpl.invoke(NativeMethodAccessorImpl.java:62)\n	java.base/jdk.internal.reflect.DelegatingMethodAccessorImpl.invoke(DelegatingMethodAccessorImpl.java:43)\n	java.base/java.lang.reflect.Method.invoke(Method.java:566)\n	org.springframework.web.method.support.InvocableHandlerMethod.doInvoke(InvocableHandlerMethod.java:189)\n	org.springframework.web.method.support.InvocableHandlerMethod.invokeForRequest(InvocableHandlerMethod.java:138)\n	org.springframework.web.servlet.mvc.method.annotation.ServletInvocableHandlerMethod.invokeAndHandle(ServletInvocableHandlerMethod.java:102)\n	org.springframework.web.servlet.mvc.method.annotation.RequestMappingHandlerAdapter.invokeHandlerMethod(RequestMappingHandlerAdapter.java:892)\n	org.springframework.web.servlet.mvc.method.annotation.RequestMappingHandlerAdapter.handleInternal(RequestMappingHandlerAdapter.java:797)\n	org.springframework.web.servlet.mvc.method.AbstractHandlerMethodAdapter.handle(AbstractHandlerMethodAdapter.java:87)\n	org.springframework.web.servlet.DispatcherServlet.doDispatch(DispatcherServlet.java:1038)\n	org.springframework.web.servlet.DispatcherServlet.doService(DispatcherServlet.java:942)\n	org.springframework.web.servlet.FrameworkServlet.processRequest(FrameworkServlet.java:1005)\n	org.springframework.web.servlet.FrameworkServlet.doGet(FrameworkServlet.java:897)\n	javax.servlet.http.HttpServlet.service(HttpServlet.java:634)\n	org.springframework.web.servlet.FrameworkServlet.service(FrameworkServlet.java:882)\n	javax.servlet.http.HttpServlet.service(HttpServlet.java:741)\n	org.apache.catalina.core.ApplicationFilterChain.internalDoFilter(ApplicationFilterChain.java:231)\n	org.apache.catalina.core.ApplicationFilterChain.doFilter(ApplicationFilterChain.java:166)\n	org.apache.tomcat.websocket.server.WsFilter.doFilter(WsFilter.java:53)\n	org.apache.catalina.core.ApplicationFilterChain.internalDoFilter(ApplicationFilterChain.java:193)\n	org.apache.catalina.core.ApplicationFilterChain.doFilter(ApplicationFilterChain.java:166)\n	org.apache.shiro.web.servlet.ProxiedFilterChain.doFilter(ProxiedFilterChain.java:61)\n	org.apache.shiro.web.servlet.AdviceFilter.executeChain(AdviceFilter.java:108)\n	org.apache.shiro.web.servlet.AdviceFilter.doFilterInternal(AdviceFilter.java:137)\n	org.apache.shiro.web.servlet.OncePerRequestFilter.doFilter(OncePerRequestFilter.java:125)\n	org.apache.shiro.web.servlet.ProxiedFilterChain.doFilter(ProxiedFilterChain.java:66)\n	org.apache.shiro.web.servlet.AbstractShiroFilter.executeChain(AbstractShiroFilter.java:449)\n	org.apache.shiro.web.servlet.AbstractShiroFilter$1.call(AbstractShiroFilter.java:365)\n	org.apache.shiro.subject.support.SubjectCallable.doCall(SubjectCallable.java:90)\n	org.apache.shiro.subject.support.SubjectCallable.call(SubjectCallable.java:83)\n	org.apache.shiro.subject.support.DelegatingSubject.execute(DelegatingSubject.java:387)\n	org.apache.shiro.web.servlet.AbstractShiroFilter.doFilterInternal(AbstractShiroFilter.java:362)\n	org.apache.shiro.web.servlet.OncePerRequestFilter.doFilter(OncePerRequestFilter.java:125)\n	org.apache.catalina.core.ApplicationFilterChain.internalDoFilter(ApplicationFilterChain.java:193)\n	org.apache.catalina.core.ApplicationFilterChain.doFilter(ApplicationFilterChain.java:166)\n	com.linln.common.xss.XssFilter.doFilter(XssFilter.java:47)\n	org.apache.catalina.core.ApplicationFilterChain.internalDoFilter(ApplicationFilterChain.java:193)\n	org.apache.catalina.core.ApplicationFilterChain.doFilter(ApplicationFilterChain.java:166)\n	org.springframework.web.filter.RequestContextFilter.doFilterInternal(RequestContextFilter.java:99)\n	org.springframework.web.filter.OncePerRequestFilter.doFilter(OncePerRequestFilter.java:107)\n	org.apache.catalina.core.ApplicationFilterChain.internalDoFilter(ApplicationFilterChain.java:193)\n	org.apache.catalina.core.ApplicationFilterChain.doFilter(ApplicationFilterChain.java:166)\n	org.springframework.web.filter.FormContentFilter.doFilterInternal(FormContentFilter.java:92)\n	org.springframework.web.filter.OncePerRequestFilter.doFilter(OncePerRequestFilter.java:107)\n	org.apache.catalina.core.ApplicationFilterChain.internalDoFilter(ApplicationFilterChain.java:193)\n	org.apache.catalina.core.ApplicationFilterChain.doFilter(ApplicationFilterChain.java:166)\n	org.springframework.web.filter.HiddenHttpMethodFilter.doFilterInternal(HiddenHttpMethodFilter.java:93)\n	org.springframework.web.filter.OncePerRequestFilter.doFilter(OncePerRequestFilter.java:107)\n	org.apache.catalina.core.ApplicationFilterChain.internalDoFilter(ApplicationFilterChain.java:193)\n	org.apache.catalina.core.ApplicationFilterChain.doFilter(ApplicationFilterChain.java:166)\n	org.springframework.web.filter.CharacterEncodingFilter.doFilterInternal(CharacterEncodingFilter.java:200)\n	org.springframework.web.filter.OncePerRequestFilter.doFilter(OncePerRequestFilter.java:107)\n	org.apache.catalina.core.ApplicationFilterChain.internalDoFilter(ApplicationFilterChain.java:193)\n	org.apache.catalina.core.ApplicationFilterChain.doFilter(ApplicationFilterChain.java:166)\n	org.apache.catalina.core.StandardWrapperValve.invoke(StandardWrapperValve.java:200)\n	org.apache.catalina.core.StandardContextValve.invoke(StandardContextValve.java:96)\n	org.apache.catalina.authenticator.AuthenticatorBase.invoke(AuthenticatorBase.java:490)\n	org.apache.catalina.core.StandardHostValve.invoke(StandardHostValve.java:139)\n	org.apache.catalina.valves.ErrorReportValve.invoke(ErrorReportValve.java:92)\n	org.apache.catalina.core.StandardEngineValve.invoke(StandardEngineValve.java:74)\n	org.apache.catalina.connector.CoyoteAdapter.service(CoyoteAdapter.java:343)\n	org.apache.coyote.http11.Http11Processor.service(Http11Processor.java:408)\n	org.apache.coyote.AbstractProcessorLight.process(AbstractProcessorLight.java:66)\n	org.apache.coyote.AbstractProtocol$ConnectionHandler.process(AbstractProtocol.java:834)\n	org.apache.tomcat.util.net.NioEndpoint$SocketProcessor.doRun(NioEndpoint.java:1415)\n	org.apache.tomcat.util.net.SocketProcessorBase.run(SocketProcessorBase.java:49)\n	java.base/java.util.concurrent.ThreadPoolExecutor.runWorker(ThreadPoolExecutor.java:1128)\n	java.base/java.util.concurrent.ThreadPoolExecutor$Worker.run(ThreadPoolExecutor.java:628)\n	org.apache.tomcat.util.threads.TaskThread$WrappingRunnable.run(TaskThread.java:61)\n	java.base/java.lang.Thread.run(Thread.java:834)', '2019-07-03 21:01:36', '系统', 1);
INSERT INTO `sys_action_log` VALUES (1069, '菜单状态', 1, '0:0:0:0:0:0:0:1', 'com.linln.admin.system.controller.MenuController', 'status', NULL, NULL, '删除ID：[166]', '2019-07-03 22:16:09', '超级管理员', 1);
INSERT INTO `sys_action_log` VALUES (1070, '菜单管理', 1, '0:0:0:0:0:0:0:1', 'com.linln.admin.system.controller.MenuController', 'save', 'sys_menu', 171, '更新菜单：号码分配', '2019-07-03 22:16:33', '超级管理员', 1);
INSERT INTO `sys_action_log` VALUES (1071, '系统异常', 3, '0:0:0:0:0:0:0:1', 'com.linln.component.actionLog.exception.ActionLogProceedAdvice', 'run', NULL, NULL, 'org.springframework.data.mapping.PropertyReferenceException: No property createDate found for type CalledAllot!\n	org.springframework.data.mapping.PropertyPath.<init>(PropertyPath.java:94)\n	org.springframework.data.mapping.PropertyPath.create(PropertyPath.java:382)\n	org.springframework.data.mapping.PropertyPath.create(PropertyPath.java:358)\n	org.springframework.data.mapping.PropertyPath.lambda$from$0(PropertyPath.java:311)\n	java.base/java.util.concurrent.ConcurrentMap.computeIfAbsent(ConcurrentMap.java:330)\n	org.springframework.data.mapping.PropertyPath.from(PropertyPath.java:293)\n	org.springframework.data.mapping.PropertyPath.from(PropertyPath.java:276)\n	org.springframework.data.jpa.repository.query.QueryUtils.toJpaOrder(QueryUtils.java:564)\n	org.springframework.data.jpa.repository.query.QueryUtils.toOrders(QueryUtils.java:517)\n	org.springframework.data.jpa.repository.support.SimpleJpaRepository.getQuery(SimpleJpaRepository.java:629)\n	org.springframework.data.jpa.repository.support.SimpleJpaRepository.getQuery(SimpleJpaRepository.java:598)\n	org.springframework.data.jpa.repository.support.SimpleJpaRepository.findAll(SimpleJpaRepository.java:460)\n	java.base/jdk.internal.reflect.NativeMethodAccessorImpl.invoke0(Native Method)\n	java.base/jdk.internal.reflect.NativeMethodAccessorImpl.invoke(NativeMethodAccessorImpl.java:62)\n	java.base/jdk.internal.reflect.DelegatingMethodAccessorImpl.invoke(DelegatingMethodAccessorImpl.java:43)\n	java.base/java.lang.reflect.Method.invoke(Method.java:566)\n	org.springframework.data.repository.core.support.RepositoryComposition$RepositoryFragments.invoke(RepositoryComposition.java:359)\n	org.springframework.data.repository.core.support.RepositoryComposition.invoke(RepositoryComposition.java:200)\n	org.springframework.data.repository.core.support.RepositoryFactorySupport$ImplementationMethodExecutionInterceptor.invoke(RepositoryFactorySupport.java:644)\n	org.springframework.aop.framework.ReflectiveMethodInvocation.proceed(ReflectiveMethodInvocation.java:186)\n	org.springframework.data.repository.core.support.RepositoryFactorySupport$QueryExecutorMethodInterceptor.doInvoke(RepositoryFactorySupport.java:608)\n	org.springframework.data.repository.core.support.RepositoryFactorySupport$QueryExecutorMethodInterceptor.lambda$invoke$3(RepositoryFactorySupport.java:595)\n	org.springframework.data.repository.core.support.RepositoryFactorySupport$QueryExecutorMethodInterceptor.invoke(RepositoryFactorySupport.java:595)\n	org.springframework.aop.framework.ReflectiveMethodInvocation.proceed(ReflectiveMethodInvocation.java:186)\n	org.springframework.data.projection.DefaultMethodInvokingMethodInterceptor.invoke(DefaultMethodInvokingMethodInterceptor.java:59)\n	org.springframework.aop.framework.ReflectiveMethodInvocation.proceed(ReflectiveMethodInvocation.java:186)\n	org.springframework.transaction.interceptor.TransactionAspectSupport.invokeWithinTransaction(TransactionAspectSupport.java:294)\n	org.springframework.transaction.interceptor.TransactionInterceptor.invoke(TransactionInterceptor.java:98)\n	org.springframework.aop.framework.ReflectiveMethodInvocation.proceed(ReflectiveMethodInvocation.java:186)\n	org.springframework.dao.support.PersistenceExceptionTranslationInterceptor.invoke(PersistenceExceptionTranslationInterceptor.java:139)\n	org.springframework.aop.framework.ReflectiveMethodInvocation.proceed(ReflectiveMethodInvocation.java:186)\n	org.springframework.data.jpa.repository.support.CrudMethodMetadataPostProcessor$CrudMethodMetadataPopulatingMethodInterceptor.invoke(CrudMethodMetadataPostProcessor.java:138)\n	org.springframework.aop.framework.ReflectiveMethodInvocation.proceed(ReflectiveMethodInvocation.java:186)\n	org.springframework.aop.interceptor.ExposeInvocationInterceptor.invoke(ExposeInvocationInterceptor.java:93)\n	org.springframework.aop.framework.ReflectiveMethodInvocation.proceed(ReflectiveMethodInvocation.java:186)\n	org.springframework.data.repository.core.support.SurroundingTransactionDetectorMethodInterceptor.invoke(SurroundingTransactionDetectorMethodInterceptor.java:61)\n	org.springframework.aop.framework.ReflectiveMethodInvocation.proceed(ReflectiveMethodInvocation.java:186)\n	org.springframework.aop.framework.JdkDynamicAopProxy.invoke(JdkDynamicAopProxy.java:212)\n	com.sun.proxy.$Proxy141.findAll(Unknown Source)\n	com.linln.admin.calledallot.service.impl.CalledAllotServiceImpl.getPageList(CalledAllotServiceImpl.java:46)\n	com.linln.admin.calledallot.service.impl.CalledAllotServiceImpl$$FastClassBySpringCGLIB$$df8e63f5.invoke(<generated>)\n	org.springframework.cglib.proxy.MethodProxy.invoke(MethodProxy.java:218)\n	org.springframework.aop.framework.CglibAopProxy$DynamicAdvisedInterceptor.intercept(CglibAopProxy.java:684)\n	com.linln.admin.calledallot.service.impl.CalledAllotServiceImpl$$EnhancerBySpringCGLIB$$2b3fc37c.getPageList(<generated>)\n	com.linln.admin.calledallot.controller.CalledAllotController.index(CalledAllotController.java:44)\n	com.linln.admin.calledallot.controller.CalledAllotController$$FastClassBySpringCGLIB$$a00f7ebf.invoke(<generated>)\n	org.springframework.cglib.proxy.MethodProxy.invoke(MethodProxy.java:218)\n	org.springframework.aop.framework.CglibAopProxy$CglibMethodInvocation.invokeJoinpoint(CglibAopProxy.java:749)\n	org.springframework.aop.framework.ReflectiveMethodInvocation.proceed(ReflectiveMethodInvocation.java:163)\n	org.apache.shiro.spring.security.interceptor.AopAllianceAnnotationsAuthorizingMethodInterceptor$1.proceed(AopAllianceAnnotationsAuthorizingMethodInterceptor.java:82)\n	org.apache.shiro.authz.aop.AuthorizingMethodInterceptor.invoke(AuthorizingMethodInterceptor.java:39)\n	org.apache.shiro.spring.security.interceptor.AopAllianceAnnotationsAuthorizingMethodInterceptor.invoke(AopAllianceAnnotationsAuthorizingMethodInterceptor.java:115)\n	org.springframework.aop.framework.ReflectiveMethodInvocation.proceed(ReflectiveMethodInvocation.java:186)\n	org.springframework.aop.framework.CglibAopProxy$DynamicAdvisedInterceptor.intercept(CglibAopProxy.java:688)\n	com.linln.admin.calledallot.controller.CalledAllotController$$EnhancerBySpringCGLIB$$c224c0f5.index(<generated>)\n	java.base/jdk.internal.reflect.NativeMethodAccessorImpl.invoke0(Native Method)\n	java.base/jdk.internal.reflect.NativeMethodAccessorImpl.invoke(NativeMethodAccessorImpl.java:62)\n	java.base/jdk.internal.reflect.DelegatingMethodAccessorImpl.invoke(DelegatingMethodAccessorImpl.java:43)\n	java.base/java.lang.reflect.Method.invoke(Method.java:566)\n	org.springframework.web.method.support.InvocableHandlerMethod.doInvoke(InvocableHandlerMethod.java:189)\n	org.springframework.web.method.support.InvocableHandlerMethod.invokeForRequest(InvocableHandlerMethod.java:138)\n	org.springframework.web.servlet.mvc.method.annotation.ServletInvocableHandlerMethod.invokeAndHandle(ServletInvocableHandlerMethod.java:102)\n	org.springframework.web.servlet.mvc.method.annotation.RequestMappingHandlerAdapter.invokeHandlerMethod(RequestMappingHandlerAdapter.java:892)\n	org.springframework.web.servlet.mvc.method.annotation.RequestMappingHandlerAdapter.handleInternal(RequestMappingHandlerAdapter.java:797)\n	org.springframework.web.servlet.mvc.method.AbstractHandlerMethodAdapter.handle(AbstractHandlerMethodAdapter.java:87)\n	org.springframework.web.servlet.DispatcherServlet.doDispatch(DispatcherServlet.java:1038)\n	org.springframework.web.servlet.DispatcherServlet.doService(DispatcherServlet.java:942)\n	org.springframework.web.servlet.FrameworkServlet.processRequest(FrameworkServlet.java:1005)\n	org.springframework.web.servlet.FrameworkServlet.doGet(FrameworkServlet.java:897)\n	javax.servlet.http.HttpServlet.service(HttpServlet.java:634)\n	org.springframework.web.servlet.FrameworkServlet.service(FrameworkServlet.java:882)\n	javax.servlet.http.HttpServlet.service(HttpServlet.java:741)\n	org.apache.catalina.core.ApplicationFilterChain.internalDoFilter(ApplicationFilterChain.java:231)\n	org.apache.catalina.core.ApplicationFilterChain.doFilter(ApplicationFilterChain.java:166)\n	org.apache.tomcat.websocket.server.WsFilter.doFilter(WsFilter.java:53)\n	org.apache.catalina.core.ApplicationFilterChain.internalDoFilter(ApplicationFilterChain.java:193)\n	org.apache.catalina.core.ApplicationFilterChain.doFilter(ApplicationFilterChain.java:166)\n	org.apache.shiro.web.servlet.ProxiedFilterChain.doFilter(ProxiedFilterChain.java:61)\n	org.apache.shiro.web.servlet.AdviceFilter.executeChain(AdviceFilter.java:108)\n	org.apache.shiro.web.servlet.AdviceFilter.doFilterInternal(AdviceFilter.java:137)\n	org.apache.shiro.web.servlet.OncePerRequestFilter.doFilter(OncePerRequestFilter.java:125)\n	org.apache.shiro.web.servlet.ProxiedFilterChain.doFilter(ProxiedFilterChain.java:66)\n	org.apache.shiro.web.servlet.AbstractShiroFilter.executeChain(AbstractShiroFilter.java:449)\n	org.apache.shiro.web.servlet.AbstractShiroFilter$1.call(AbstractShiroFilter.java:365)\n	org.apache.shiro.subject.support.SubjectCallable.doCall(SubjectCallable.java:90)\n	org.apache.shiro.subject.support.SubjectCallable.call(SubjectCallable.java:83)\n	org.apache.shiro.subject.support.DelegatingSubject.execute(DelegatingSubject.java:387)\n	org.apache.shiro.web.servlet.AbstractShiroFilter.doFilterInternal(AbstractShiroFilter.java:362)\n	org.apache.shiro.web.servlet.OncePerRequestFilter.doFilter(OncePerRequestFilter.java:125)\n	org.apache.catalina.core.ApplicationFilterChain.internalDoFilter(ApplicationFilterChain.java:193)\n	org.apache.catalina.core.ApplicationFilterChain.doFilter(ApplicationFilterChain.java:166)\n	com.linln.common.xss.XssFilter.doFilter(XssFilter.java:47)\n	org.apache.catalina.core.ApplicationFilterChain.internalDoFilter(ApplicationFilterChain.java:193)\n	org.apache.catalina.core.ApplicationFilterChain.doFilter(ApplicationFilterChain.java:166)\n	org.springframework.web.filter.RequestContextFilter.doFilterInternal(RequestContextFilter.java:99)\n	org.springframework.web.filter.OncePerRequestFilter.doFilter(OncePerRequestFilter.java:107)\n	org.apache.catalina.core.ApplicationFilterChain.internalDoFilter(ApplicationFilterChain.java:193)\n	org.apache.catalina.core.ApplicationFilterChain.doFilter(ApplicationFilterChain.java:166)\n	org.springframework.web.filter.FormContentFilter.doFilterInternal(FormContentFilter.java:92)\n	org.springframework.web.filter.OncePerRequestFilter.doFilter(OncePerRequestFilter.java:107)\n	org.apache.catalina.core.ApplicationFilterChain.internalDoFilter(ApplicationFilterChain.java:193)\n	org.apache.catalina.core.ApplicationFilterChain.doFilter(ApplicationFilterChain.java:166)\n	org.springframework.web.filter.HiddenHttpMethodFilter.doFilterInternal(HiddenHttpMethodFilter.java:93)\n	org.springframework.web.filter.OncePerRequestFilter.doFilter(OncePerRequestFilter.java:107)\n	org.apache.catalina.core.ApplicationFilterChain.internalDoFilter(ApplicationFilterChain.java:193)\n	org.apache.catalina.core.ApplicationFilterChain.doFilter(ApplicationFilterChain.java:166)\n	org.springframework.web.filter.CharacterEncodingFilter.doFilterInternal(CharacterEncodingFilter.java:200)\n	org.springframework.web.filter.OncePerRequestFilter.doFilter(OncePerRequestFilter.java:107)\n	org.apache.catalina.core.ApplicationFilterChain.internalDoFilter(ApplicationFilterChain.java:193)\n	org.apache.catalina.core.ApplicationFilterChain.doFilter(ApplicationFilterChain.java:166)\n	org.apache.catalina.core.StandardWrapperValve.invoke(StandardWrapperValve.java:200)\n	org.apache.catalina.core.StandardContextValve.invoke(StandardContextValve.java:96)\n	org.apache.catalina.authenticator.AuthenticatorBase.invoke(AuthenticatorBase.java:490)\n	org.apache.catalina.core.StandardHostValve.invoke(StandardHostValve.java:139)\n	org.apache.catalina.valves.ErrorReportValve.invoke(ErrorReportValve.java:92)\n	org.apache.catalina.core.StandardEngineValve.invoke(StandardEngineValve.java:74)\n	org.apache.catalina.connector.CoyoteAdapter.service(CoyoteAdapter.java:343)\n	org.apache.coyote.http11.Http11Processor.service(Http11Processor.java:408)\n	org.apache.coyote.AbstractProcessorLight.process(AbstractProcessorLight.java:66)\n	org.apache.coyote.AbstractProtocol$ConnectionHandler.process(AbstractProtocol.java:834)\n	org.apache.tomcat.util.net.NioEndpoint$SocketProcessor.doRun(NioEndpoint.java:1415)\n	org.apache.tomcat.util.net.SocketProcessorBase.run(SocketProcessorBase.java:49)\n	java.base/java.util.concurrent.ThreadPoolExecutor.runWorker(ThreadPoolExecutor.java:1128)\n	java.base/java.util.concurrent.ThreadPoolExecutor$Worker.run(ThreadPoolExecutor.java:628)\n	org.apache.tomcat.util.threads.TaskThread$WrappingRunnable.run(TaskThread.java:61)\n	java.base/java.lang.Thread.run(Thread.java:834)', '2019-07-03 22:16:55', '系统', 1);
INSERT INTO `sys_action_log` VALUES (1072, '系统异常', 3, '0:0:0:0:0:0:0:1', 'com.linln.component.actionLog.exception.ActionLogProceedAdvice', 'run', NULL, NULL, 'org.springframework.dao.DataIntegrityViolationException: could not execute statement; SQL [n/a]; constraint [null]; nested exception is org.hibernate.exception.ConstraintViolationException: could not execute statement\n	org.springframework.orm.jpa.vendor.HibernateJpaDialect.convertHibernateAccessException(HibernateJpaDialect.java:296)\n	org.springframework.orm.jpa.vendor.HibernateJpaDialect.translateExceptionIfPossible(HibernateJpaDialect.java:253)\n	org.springframework.orm.jpa.AbstractEntityManagerFactoryBean.translateExceptionIfPossible(AbstractEntityManagerFactoryBean.java:527)\n	org.springframework.dao.support.ChainedPersistenceExceptionTranslator.translateExceptionIfPossible(ChainedPersistenceExceptionTranslator.java:61)\n	org.springframework.dao.support.DataAccessUtils.translateIfNecessary(DataAccessUtils.java:242)\n	org.springframework.dao.support.PersistenceExceptionTranslationInterceptor.invoke(PersistenceExceptionTranslationInterceptor.java:153)\n	org.springframework.aop.framework.ReflectiveMethodInvocation.proceed(ReflectiveMethodInvocation.java:186)\n	org.springframework.data.jpa.repository.support.CrudMethodMetadataPostProcessor$CrudMethodMetadataPopulatingMethodInterceptor.invoke(CrudMethodMetadataPostProcessor.java:138)\n	org.springframework.aop.framework.ReflectiveMethodInvocation.proceed(ReflectiveMethodInvocation.java:186)\n	org.springframework.aop.interceptor.ExposeInvocationInterceptor.invoke(ExposeInvocationInterceptor.java:93)\n	org.springframework.aop.framework.ReflectiveMethodInvocation.proceed(ReflectiveMethodInvocation.java:186)\n	org.springframework.data.repository.core.support.SurroundingTransactionDetectorMethodInterceptor.invoke(SurroundingTransactionDetectorMethodInterceptor.java:61)\n	org.springframework.aop.framework.ReflectiveMethodInvocation.proceed(ReflectiveMethodInvocation.java:186)\n	org.springframework.aop.framework.JdkDynamicAopProxy.invoke(JdkDynamicAopProxy.java:212)\n	com.sun.proxy.$Proxy141.save(Unknown Source)\n	com.linln.admin.calledallot.service.impl.CalledAllotServiceImpl.save(CalledAllotServiceImpl.java:55)\n	com.linln.admin.calledallot.service.impl.CalledAllotServiceImpl$$FastClassBySpringCGLIB$$df8e63f5.invoke(<generated>)\n	org.springframework.cglib.proxy.MethodProxy.invoke(MethodProxy.java:218)\n	org.springframework.aop.framework.CglibAopProxy$DynamicAdvisedInterceptor.intercept(CglibAopProxy.java:684)\n	com.linln.admin.calledallot.service.impl.CalledAllotServiceImpl$$EnhancerBySpringCGLIB$$2ba18a4b.save(<generated>)\n	com.linln.admin.calledallot.controller.CalledAllotController.save(CalledAllotController.java:86)\n	com.linln.admin.calledallot.controller.CalledAllotController$$FastClassBySpringCGLIB$$a00f7ebf.invoke(<generated>)\n	org.springframework.cglib.proxy.MethodProxy.invoke(MethodProxy.java:218)\n	org.springframework.aop.framework.CglibAopProxy$CglibMethodInvocation.invokeJoinpoint(CglibAopProxy.java:749)\n	org.springframework.aop.framework.ReflectiveMethodInvocation.proceed(ReflectiveMethodInvocation.java:163)\n	org.apache.shiro.spring.security.interceptor.AopAllianceAnnotationsAuthorizingMethodInterceptor$1.proceed(AopAllianceAnnotationsAuthorizingMethodInterceptor.java:82)\n	org.apache.shiro.authz.aop.AuthorizingMethodInterceptor.invoke(AuthorizingMethodInterceptor.java:39)\n	org.apache.shiro.spring.security.interceptor.AopAllianceAnnotationsAuthorizingMethodInterceptor.invoke(AopAllianceAnnotationsAuthorizingMethodInterceptor.java:115)\n	org.springframework.aop.framework.ReflectiveMethodInvocation.proceed(ReflectiveMethodInvocation.java:186)\n	org.springframework.aop.framework.CglibAopProxy$DynamicAdvisedInterceptor.intercept(CglibAopProxy.java:688)\n	com.linln.admin.calledallot.controller.CalledAllotController$$EnhancerBySpringCGLIB$$577c627a.save(<generated>)\n	java.base/jdk.internal.reflect.NativeMethodAccessorImpl.invoke0(Native Method)\n	java.base/jdk.internal.reflect.NativeMethodAccessorImpl.invoke(NativeMethodAccessorImpl.java:62)\n	java.base/jdk.internal.reflect.DelegatingMethodAccessorImpl.invoke(DelegatingMethodAccessorImpl.java:43)\n	java.base/java.lang.reflect.Method.invoke(Method.java:566)\n	org.springframework.web.method.support.InvocableHandlerMethod.doInvoke(InvocableHandlerMethod.java:189)\n	org.springframework.web.method.support.InvocableHandlerMethod.invokeForRequest(InvocableHandlerMethod.java:138)\n	org.springframework.web.servlet.mvc.method.annotation.ServletInvocableHandlerMethod.invokeAndHandle(ServletInvocableHandlerMethod.java:102)\n	org.springframework.web.servlet.mvc.method.annotation.RequestMappingHandlerAdapter.invokeHandlerMethod(RequestMappingHandlerAdapter.java:892)\n	org.springframework.web.servlet.mvc.method.annotation.RequestMappingHandlerAdapter.handleInternal(RequestMappingHandlerAdapter.java:797)\n	org.springframework.web.servlet.mvc.method.AbstractHandlerMethodAdapter.handle(AbstractHandlerMethodAdapter.java:87)\n	org.springframework.web.servlet.DispatcherServlet.doDispatch(DispatcherServlet.java:1038)\n	org.springframework.web.servlet.DispatcherServlet.doService(DispatcherServlet.java:942)\n	org.springframework.web.servlet.FrameworkServlet.processRequest(FrameworkServlet.java:1005)\n	org.springframework.web.servlet.FrameworkServlet.doPost(FrameworkServlet.java:908)\n	javax.servlet.http.HttpServlet.service(HttpServlet.java:660)\n	org.springframework.web.servlet.FrameworkServlet.service(FrameworkServlet.java:882)\n	javax.servlet.http.HttpServlet.service(HttpServlet.java:741)\n	org.apache.catalina.core.ApplicationFilterChain.internalDoFilter(ApplicationFilterChain.java:231)\n	org.apache.catalina.core.ApplicationFilterChain.doFilter(ApplicationFilterChain.java:166)\n	org.apache.tomcat.websocket.server.WsFilter.doFilter(WsFilter.java:53)\n	org.apache.catalina.core.ApplicationFilterChain.internalDoFilter(ApplicationFilterChain.java:193)\n	org.apache.catalina.core.ApplicationFilterChain.doFilter(ApplicationFilterChain.java:166)\n	org.apache.shiro.web.servlet.ProxiedFilterChain.doFilter(ProxiedFilterChain.java:61)\n	org.apache.shiro.web.servlet.AdviceFilter.executeChain(AdviceFilter.java:108)\n	org.apache.shiro.web.servlet.AdviceFilter.doFilterInternal(AdviceFilter.java:137)\n	org.apache.shiro.web.servlet.OncePerRequestFilter.doFilter(OncePerRequestFilter.java:125)\n	org.apache.shiro.web.servlet.ProxiedFilterChain.doFilter(ProxiedFilterChain.java:66)\n	org.apache.shiro.web.servlet.AbstractShiroFilter.executeChain(AbstractShiroFilter.java:449)\n	org.apache.shiro.web.servlet.AbstractShiroFilter$1.call(AbstractShiroFilter.java:365)\n	org.apache.shiro.subject.support.SubjectCallable.doCall(SubjectCallable.java:90)\n	org.apache.shiro.subject.support.SubjectCallable.call(SubjectCallable.java:83)\n	org.apache.shiro.subject.support.DelegatingSubject.execute(DelegatingSubject.java:387)\n	org.apache.shiro.web.servlet.AbstractShiroFilter.doFilterInternal(AbstractShiroFilter.java:362)\n	org.apache.shiro.web.servlet.OncePerRequestFilter.doFilter(OncePerRequestFilter.java:125)\n	org.apache.catalina.core.ApplicationFilterChain.internalDoFilter(ApplicationFilterChain.java:193)\n	org.apache.catalina.core.ApplicationFilterChain.doFilter(ApplicationFilterChain.java:166)\n	com.linln.common.xss.XssFilter.doFilter(XssFilter.java:47)\n	org.apache.catalina.core.ApplicationFilterChain.internalDoFilter(ApplicationFilterChain.java:193)\n	org.apache.catalina.core.ApplicationFilterChain.doFilter(ApplicationFilterChain.java:166)\n	org.springframework.web.filter.RequestContextFilter.doFilterInternal(RequestContextFilter.java:99)\n	org.springframework.web.filter.OncePerRequestFilter.doFilter(OncePerRequestFilter.java:107)\n	org.apache.catalina.core.ApplicationFilterChain.internalDoFilter(ApplicationFilterChain.java:193)\n	org.apache.catalina.core.ApplicationFilterChain.doFilter(ApplicationFilterChain.java:166)\n	org.springframework.web.filter.FormContentFilter.doFilterInternal(FormContentFilter.java:92)\n	org.springframework.web.filter.OncePerRequestFilter.doFilter(OncePerRequestFilter.java:107)\n	org.apache.catalina.core.ApplicationFilterChain.internalDoFilter(ApplicationFilterChain.java:193)\n	org.apache.catalina.core.ApplicationFilterChain.doFilter(ApplicationFilterChain.java:166)\n	org.springframework.web.filter.HiddenHttpMethodFilter.doFilterInternal(HiddenHttpMethodFilter.java:93)\n	org.springframework.web.filter.OncePerRequestFilter.doFilter(OncePerRequestFilter.java:107)\n	org.apache.catalina.core.ApplicationFilterChain.internalDoFilter(ApplicationFilterChain.java:193)\n	org.apache.catalina.core.ApplicationFilterChain.doFilter(ApplicationFilterChain.java:166)\n	org.springframework.web.filter.CharacterEncodingFilter.doFilterInternal(CharacterEncodingFilter.java:200)\n	org.springframework.web.filter.OncePerRequestFilter.doFilter(OncePerRequestFilter.java:107)\n	org.apache.catalina.core.ApplicationFilterChain.internalDoFilter(ApplicationFilterChain.java:193)\n	org.apache.catalina.core.ApplicationFilterChain.doFilter(ApplicationFilterChain.java:166)\n	org.apache.catalina.core.StandardWrapperValve.invoke(StandardWrapperValve.java:200)\n	org.apache.catalina.core.StandardContextValve.invoke(StandardContextValve.java:96)\n	org.apache.catalina.authenticator.AuthenticatorBase.invoke(AuthenticatorBase.java:490)\n	org.apache.catalina.core.StandardHostValve.invoke(StandardHostValve.java:139)\n	org.apache.catalina.valves.ErrorReportValve.invoke(ErrorReportValve.java:92)\n	org.apache.catalina.core.StandardEngineValve.invoke(StandardEngineValve.java:74)\n	org.apache.catalina.connector.CoyoteAdapter.service(CoyoteAdapter.java:343)\n	org.apache.coyote.http11.Http11Processor.service(Http11Processor.java:408)\n	org.apache.coyote.AbstractProcessorLight.process(AbstractProcessorLight.java:66)\n	org.apache.coyote.AbstractProtocol$ConnectionHandler.process(AbstractProtocol.java:834)\n	org.apache.tomcat.util.net.NioEndpoint$SocketProcessor.doRun(NioEndpoint.java:1415)\n	org.apache.tomcat.util.net.SocketProcessorBase.run(SocketProcessorBase.java:49)\n	java.base/java.util.concurrent.ThreadPoolExecutor.runWorker(ThreadPoolExecutor.java:1128)\n	java.base/java.util.concurrent.ThreadPoolExecutor$Worker.run(ThreadPoolExecutor.java:628)\n	org.apache.tomcat.util.threads.TaskThread$WrappingRunnable.run(TaskThread.java:61)\n	java.base/java.lang.Thread.run(Thread.java:834)', '2019-07-03 22:31:56', '系统', 1);
INSERT INTO `sys_action_log` VALUES (1073, '用户登录', 2, '0:0:0:0:0:0:0:1', 'com.crm.admin.system.controller.LoginController', 'login', NULL, NULL, '后台登录成功', '2019-07-04 00:38:25', '超级管理员', 1);
INSERT INTO `sys_action_log` VALUES (1074, '用户登录', 2, '0:0:0:0:0:0:0:1', 'com.crm.admin.system.controller.LoginController', 'login', NULL, NULL, '后台登录成功', '2019-07-04 00:59:00', '超级管理员', 1);
INSERT INTO `sys_action_log` VALUES (1075, '用户登录', 2, '0:0:0:0:0:0:0:1', 'com.crm.admin.system.controller.LoginController', 'login', NULL, NULL, '后台登录成功', '2019-07-04 01:05:46', '超级管理员', 1);
INSERT INTO `sys_action_log` VALUES (1076, '用户登录', 2, '0:0:0:0:0:0:0:1', 'com.crm.admin.system.controller.LoginController', 'login', NULL, NULL, '后台登录成功', '2019-07-04 01:21:56', '超级管理员', 1);
INSERT INTO `sys_action_log` VALUES (1077, '用户登录', 2, '0:0:0:0:0:0:0:1', 'com.crm.admin.system.controller.LoginController', 'login', NULL, NULL, '后台登录成功', '2019-07-04 01:31:37', '超级管理员', 1);
INSERT INTO `sys_action_log` VALUES (1078, '字典管理', 1, '0:0:0:0:0:0:0:1', 'com.crm.admin.system.controller.DictController', 'save', 'sys_dict', 11, '添加字典：紧商网注册标识', '2019-07-04 02:16:42', '超级管理员', 1);
INSERT INTO `sys_action_log` VALUES (1079, '部门状态', 1, '0:0:0:0:0:0:0:1', 'com.crm.admin.system.controller.DeptController', 'status', NULL, NULL, '删除ID：[4, 5]', '2019-07-04 02:19:23', '超级管理员', 1);
INSERT INTO `sys_action_log` VALUES (1080, '部门管理', 1, '0:0:0:0:0:0:0:1', 'com.crm.admin.system.controller.DeptController', 'save', 'sys_dept', 3, '更新部门：销售中心', '2019-07-04 02:22:30', '超级管理员', 1);
INSERT INTO `sys_action_log` VALUES (1081, '日志管理', 1, '0:0:0:0:0:0:0:1', 'com.crm.admin.system.controller.RoleController', 'save', 'sys_role', 17, '添加日志成功：业务经理', '2019-07-04 02:23:39', '超级管理员', 1);
INSERT INTO `sys_action_log` VALUES (1082, '角色授权', 1, '0:0:0:0:0:0:0:1', 'com.crm.admin.system.controller.RoleController', 'auth', 'sys_role', 17, '角色授权成功：业务经理', '2019-07-04 02:24:09', '超级管理员', 1);

-- ----------------------------
-- Table structure for sys_dept
-- ----------------------------
DROP TABLE IF EXISTS `sys_dept`;
CREATE TABLE `sys_dept`  (
  `id` bigint(20) NOT NULL AUTO_INCREMENT COMMENT '主键ID',
  `title` varchar(255) CHARACTER SET utf8 COLLATE utf8_general_ci NULL DEFAULT NULL COMMENT '部门名称',
  `pid` bigint(20) NULL DEFAULT NULL COMMENT '父级ID',
  `pids` varchar(255) CHARACTER SET utf8 COLLATE utf8_general_ci NULL DEFAULT NULL COMMENT '所有父级编号',
  `sort` int(11) NULL DEFAULT NULL COMMENT '排序',
  `remark` varchar(255) CHARACTER SET utf8 COLLATE utf8_general_ci NULL DEFAULT NULL COMMENT '备注',
  `create_date` datetime(0) NULL DEFAULT NULL COMMENT '创建时间',
  `update_date` datetime(0) NULL DEFAULT NULL COMMENT '更新时间',
  `create_by` bigint(20) NULL DEFAULT NULL COMMENT '创建用户',
  `update_by` bigint(20) NULL DEFAULT NULL COMMENT '更新用户',
  `status` tinyint(4) NULL DEFAULT NULL COMMENT '状态（1:正常,2:冻结,3:删除）',
  PRIMARY KEY (`id`) USING BTREE,
  INDEX `FKifwd1h4ciusl3nnxrpfpv316u`(`create_by`) USING BTREE,
  INDEX `FK83g45s1cjqqfpifhulqhv807m`(`update_by`) USING BTREE,
  CONSTRAINT `FK83g45s1cjqqfpifhulqhv807m` FOREIGN KEY (`update_by`) REFERENCES `sys_user` (`id`) ON DELETE RESTRICT ON UPDATE RESTRICT,
  CONSTRAINT `FKifwd1h4ciusl3nnxrpfpv316u` FOREIGN KEY (`create_by`) REFERENCES `sys_user` (`id`) ON DELETE RESTRICT ON UPDATE RESTRICT
) ENGINE = InnoDB AUTO_INCREMENT = 6 CHARACTER SET = utf8 COLLATE = utf8_general_ci ROW_FORMAT = Dynamic;

-- ----------------------------
-- Records of sys_dept
-- ----------------------------
INSERT INTO `sys_dept` VALUES (1, '总公司', 0, '[0]', 1, '', '2018-12-02 17:41:23', '2019-02-23 02:41:28', 1, 1, 1);
INSERT INTO `sys_dept` VALUES (2, '技术部门', 1, '[0],[1]', 1, '', '2018-12-02 17:51:04', '2019-04-27 13:12:46', 1, 1, 1);
INSERT INTO `sys_dept` VALUES (3, '销售中心', 1, '[0],[1]', 2, '', '2018-12-02 17:51:42', '2019-07-04 02:22:30', 1, 1, 1);
INSERT INTO `sys_dept` VALUES (4, '研发部门', 1, '[0],[1]', 3, '', '2018-12-02 17:51:55', '2019-07-04 02:19:22', 1, 1, 3);
INSERT INTO `sys_dept` VALUES (5, '测试部门', 1, '[0],[1]', 4, '', '2018-12-02 17:52:07', '2019-07-04 02:19:22', 1, 1, 3);

-- ----------------------------
-- Table structure for sys_dict
-- ----------------------------
DROP TABLE IF EXISTS `sys_dict`;
CREATE TABLE `sys_dict`  (
  `id` bigint(20) NOT NULL AUTO_INCREMENT COMMENT '主键ID',
  `title` varchar(255) CHARACTER SET utf8 COLLATE utf8_general_ci NULL DEFAULT NULL COMMENT '字典名称',
  `name` varchar(255) CHARACTER SET utf8 COLLATE utf8_general_ci NULL DEFAULT NULL COMMENT '字典键名',
  `type` tinyint(4) NULL DEFAULT NULL COMMENT '字典类型',
  `value` text CHARACTER SET utf8 COLLATE utf8_general_ci NULL COMMENT '字典键值',
  `remark` varchar(255) CHARACTER SET utf8 COLLATE utf8_general_ci NULL DEFAULT NULL COMMENT '备注',
  `create_date` datetime(0) NULL DEFAULT NULL COMMENT '创建时间',
  `update_date` datetime(0) NULL DEFAULT NULL COMMENT '更新时间',
  `create_by` bigint(20) NULL DEFAULT NULL COMMENT '创建用户',
  `update_by` bigint(20) NULL DEFAULT NULL COMMENT '更新用户',
  `status` tinyint(4) NULL DEFAULT NULL COMMENT '状态（1:正常,2:冻结,3:删除）',
  PRIMARY KEY (`id`) USING BTREE,
  INDEX `FKag4shuprf2tjot9i1mhh37kk6`(`create_by`) USING BTREE,
  INDEX `FKoyng5jlifhsme0gc1lwiub0lr`(`update_by`) USING BTREE,
  CONSTRAINT `FKag4shuprf2tjot9i1mhh37kk6` FOREIGN KEY (`create_by`) REFERENCES `sys_user` (`id`) ON DELETE RESTRICT ON UPDATE RESTRICT,
  CONSTRAINT `FKoyng5jlifhsme0gc1lwiub0lr` FOREIGN KEY (`update_by`) REFERENCES `sys_user` (`id`) ON DELETE RESTRICT ON UPDATE RESTRICT
) ENGINE = InnoDB AUTO_INCREMENT = 11 CHARACTER SET = utf8 COLLATE = utf8_general_ci ROW_FORMAT = Dynamic;

-- ----------------------------
-- Records of sys_dict
-- ----------------------------
INSERT INTO `sys_dict` VALUES (1, '数据状态', 'DATA_STATUS', 2, '1:正常,2:冻结,3:删除', '', '2018-10-05 16:03:11', '2018-10-05 16:11:41', 1, 1, 1);
INSERT INTO `sys_dict` VALUES (2, '字典类型', 'DICT_TYPE', 2, '2:键值对', '', '2018-10-05 20:08:55', '2019-01-17 23:39:23', 1, 1, 1);
INSERT INTO `sys_dict` VALUES (3, '用户性别', 'USER_SEX', 2, '1:男,2:女', '', '2018-10-05 20:12:32', '2018-10-05 20:12:32', 1, 1, 1);
INSERT INTO `sys_dict` VALUES (4, '菜单类型', 'MENU_TYPE', 2, '1:一级菜单,2:子级菜单,3:不是菜单', '', '2018-10-05 20:24:57', '2018-10-13 13:56:05', 1, 1, 1);
INSERT INTO `sys_dict` VALUES (5, '搜索栏状态', 'SEARCH_STATUS', 2, '1:正常,2:冻结', '', '2018-10-05 20:25:45', '2019-02-26 00:34:34', 1, 1, 1);
INSERT INTO `sys_dict` VALUES (6, '日志类型', 'LOG_TYPE', 2, '1:业务,2:登录,3:系统', '', '2018-10-05 20:28:47', '2019-02-26 00:31:43', 1, 1, 1);
INSERT INTO `sys_dict` VALUES (11, '紧商网注册标识', 'REGISTER_STATUS', 2, '0:未注册,1:已注册', '', '2019-07-04 02:16:42', '2019-07-04 02:16:42', 1, 1, 1);

-- ----------------------------
-- Table structure for sys_file
-- ----------------------------
DROP TABLE IF EXISTS `sys_file`;
CREATE TABLE `sys_file`  (
  `id` bigint(20) NOT NULL AUTO_INCREMENT COMMENT '主键ID',
  `name` varchar(255) CHARACTER SET utf8 COLLATE utf8_general_ci NULL DEFAULT NULL COMMENT '文件名',
  `path` varchar(255) CHARACTER SET utf8 COLLATE utf8_general_ci NULL DEFAULT NULL COMMENT '文件路径',
  `mime` varchar(255) CHARACTER SET utf8 COLLATE utf8_general_ci NULL DEFAULT NULL COMMENT 'MIME文件类型',
  `size` bigint(20) NULL DEFAULT NULL COMMENT '文件大小',
  `md5` varchar(255) CHARACTER SET utf8 COLLATE utf8_general_ci NULL DEFAULT NULL COMMENT 'MD5值',
  `sha1` varchar(255) CHARACTER SET utf8 COLLATE utf8_general_ci NULL DEFAULT NULL COMMENT 'SHA1值',
  `create_by` bigint(20) NULL DEFAULT NULL COMMENT '上传者',
  `create_date` datetime(0) NULL DEFAULT NULL COMMENT '创建时间',
  PRIMARY KEY (`id`) USING BTREE,
  INDEX `FKkkles8yp0a156p4247cc22ovn`(`create_by`) USING BTREE,
  CONSTRAINT `FKkkles8yp0a156p4247cc22ovn` FOREIGN KEY (`create_by`) REFERENCES `sys_user` (`id`) ON DELETE RESTRICT ON UPDATE RESTRICT
) ENGINE = InnoDB AUTO_INCREMENT = 2 CHARACTER SET = utf8 COLLATE = utf8_general_ci ROW_FORMAT = Dynamic;

-- ----------------------------
-- Table structure for sys_menu
-- ----------------------------
DROP TABLE IF EXISTS `sys_menu`;
CREATE TABLE `sys_menu`  (
  `id` bigint(20) NOT NULL AUTO_INCREMENT COMMENT '主键ID',
  `title` varchar(255) CHARACTER SET utf8 COLLATE utf8_general_ci NULL DEFAULT NULL COMMENT '菜单名称',
  `pid` bigint(20) NULL DEFAULT NULL COMMENT '父级编号',
  `pids` varchar(255) CHARACTER SET utf8 COLLATE utf8_general_ci NULL DEFAULT NULL COMMENT '所有父级编号',
  `url` varchar(255) CHARACTER SET utf8 COLLATE utf8_general_ci NULL DEFAULT NULL COMMENT 'URL地址',
  `perms` varchar(255) CHARACTER SET utf8 COLLATE utf8_general_ci NULL DEFAULT NULL COMMENT '权限标识',
  `icon` varchar(255) CHARACTER SET utf8 COLLATE utf8_general_ci NULL DEFAULT NULL COMMENT '图标',
  `type` tinyint(4) NULL DEFAULT NULL COMMENT '类型（1:一级菜单,2:子级菜单,3:不是菜单）',
  `sort` int(11) NULL DEFAULT NULL COMMENT '排序',
  `remark` varchar(255) CHARACTER SET utf8 COLLATE utf8_general_ci NULL DEFAULT NULL COMMENT '备注',
  `create_date` datetime(0) NULL DEFAULT NULL COMMENT '创建时间',
  `update_date` datetime(0) NULL DEFAULT NULL COMMENT '更新时间',
  `create_by` bigint(20) NULL DEFAULT NULL COMMENT '创建用户',
  `update_by` bigint(20) NULL DEFAULT NULL COMMENT '更新用户',
  `status` tinyint(4) NULL DEFAULT NULL COMMENT '状态（1:正常,2:冻结,3:删除）',
  PRIMARY KEY (`id`) USING BTREE,
  INDEX `FKoxg2hi96yr9pf2m0stjomr3we`(`create_by`) USING BTREE,
  INDEX `FKsiko0qcr8ddamvrxf1tk4opgc`(`update_by`) USING BTREE,
  CONSTRAINT `FKoxg2hi96yr9pf2m0stjomr3we` FOREIGN KEY (`create_by`) REFERENCES `sys_user` (`id`) ON DELETE RESTRICT ON UPDATE RESTRICT,
  CONSTRAINT `FKsiko0qcr8ddamvrxf1tk4opgc` FOREIGN KEY (`update_by`) REFERENCES `sys_user` (`id`) ON DELETE RESTRICT ON UPDATE RESTRICT
) ENGINE = InnoDB AUTO_INCREMENT = 159 CHARACTER SET = utf8 COLLATE = utf8_general_ci ROW_FORMAT = Dynamic;

-- ----------------------------
-- Records of sys_menu
-- ----------------------------
INSERT INTO `sys_menu` VALUES (1, '菜单管理', 2, '[0],[2]', '/system/menu/index', 'system:menu:index', '', 2, 3, '', '2018-09-29 00:02:10', '2019-02-24 16:10:40', 1, 1, 1);
INSERT INTO `sys_menu` VALUES (2, '系统管理', 0, '[0]', '#', '#', 'fa fa-cog', 1, 3, '', '2018-09-29 00:05:50', '2019-07-03 20:24:46', 1, 1, 1);
INSERT INTO `sys_menu` VALUES (3, '添加', 1, '[0],[2],[1]', '/system/menu/add', 'system:menu:add', '', 3, 1, '', '2018-09-29 00:06:57', '2019-02-24 16:12:59', 1, 1, 1);
INSERT INTO `sys_menu` VALUES (4, '角色管理', 2, '[0],[2]', '/system/role/index', 'system:role:index', '', 2, 2, '', '2018-09-29 00:08:14', '2019-02-24 16:10:34', 1, 1, 1);
INSERT INTO `sys_menu` VALUES (5, '添加', 4, '[0],[2],[4]', '/system/role/add', 'system:role:add', '', 3, 1, '', '2018-09-29 00:09:04', '2019-02-24 16:12:04', 1, 1, 1);
INSERT INTO `sys_menu` VALUES (6, '主页', 0, '[0]', '/index', 'index', 'layui-icon layui-icon-home', 1, 1, '', '2018-09-29 00:09:56', '2019-02-27 21:34:56', 1, 1, 1);
INSERT INTO `sys_menu` VALUES (7, '用户管理', 2, '[0],[2]', '/system/user/index', 'system:user:index', '', 2, 1, '', '2018-09-29 00:43:50', '2019-04-05 17:43:25', 1, 2, 1);
INSERT INTO `sys_menu` VALUES (8, '编辑', 1, '[0],[2],[1]', '/system/menu/edit', 'system:menu:edit', '', 3, 2, '', '2018-09-29 00:57:33', '2019-02-24 16:13:05', 1, 1, 1);
INSERT INTO `sys_menu` VALUES (9, '详细', 1, '[0],[2],[1]', '/system/menu/detail', 'system:menu:detail', '', 3, 3, '', '2018-09-29 01:03:00', '2019-02-24 16:13:12', 1, 1, 1);
INSERT INTO `sys_menu` VALUES (10, '修改状态', 1, '[0],[2],[1]', '/system/menu/status', 'system:menu:status', '', 3, 4, '', '2018-09-29 01:03:43', '2019-02-24 16:13:21', 1, 1, 1);
INSERT INTO `sys_menu` VALUES (11, '编辑', 4, '[0],[2],[4]', '/system/role/edit', 'system:role:edit', '', 3, 2, '', '2018-09-29 01:06:13', '2019-02-24 16:12:10', 1, 1, 1);
INSERT INTO `sys_menu` VALUES (12, '授权', 4, '[0],[2],[4]', '/system/role/auth', 'system:role:auth', '', 3, 3, '', '2018-09-29 01:06:57', '2019-02-24 16:12:17', 1, 1, 1);
INSERT INTO `sys_menu` VALUES (13, '详细', 4, '[0],[2],[4]', '/system/role/detail', 'system:role:detail', '', 3, 4, '', '2018-09-29 01:08:00', '2019-02-24 16:12:24', 1, 1, 1);
INSERT INTO `sys_menu` VALUES (14, '修改状态', 4, '[0],[2],[4]', '/system/role/status', 'system:role:status', '', 3, 5, '', '2018-09-29 01:08:22', '2019-02-24 16:12:43', 1, 1, 1);
INSERT INTO `sys_menu` VALUES (15, '编辑', 7, '[0],[2],[7]', '/system/user/edit', 'system:user:edit', '', 3, 2, '', '2018-09-29 21:17:17', '2019-02-24 16:11:03', 1, 1, 1);
INSERT INTO `sys_menu` VALUES (16, '添加', 7, '[0],[2],[7]', '/system/user/add', 'system:user:add', '', 3, 1, '', '2018-09-29 21:17:58', '2019-02-24 16:10:28', 1, 1, 1);
INSERT INTO `sys_menu` VALUES (17, '修改密码', 7, '[0],[2],[7]', '/system/user/pwd', 'system:user:pwd', '', 3, 3, '', '2018-09-29 21:19:40', '2019-02-24 16:11:11', 1, 1, 1);
INSERT INTO `sys_menu` VALUES (18, '权限分配', 7, '[0],[2],[7]', '/system/user/role', 'system:user:role', '', 3, 4, '', '2018-09-29 21:20:35', '2019-02-24 16:11:18', 1, 1, 1);
INSERT INTO `sys_menu` VALUES (19, '详细', 7, '[0],[2],[7]', '/system/user/detail', 'system:user:detail', '', 3, 5, '', '2018-09-29 21:21:00', '2019-02-24 16:11:26', 1, 1, 1);
INSERT INTO `sys_menu` VALUES (20, '修改状态', 7, '[0],[2],[7]', '/system/user/status', 'system:user:status', '', 3, 6, '', '2018-09-29 21:21:18', '2019-02-24 16:11:35', 1, 1, 1);
INSERT INTO `sys_menu` VALUES (21, '字典管理', 2, '[0],[2]', '/system/dict/index', 'system:dict:index', '', 2, 5, '', '2018-10-05 00:55:52', '2019-02-24 16:14:24', 1, 1, 1);
INSERT INTO `sys_menu` VALUES (22, '字典添加', 21, '[0],[2],[21]', '/system/dict/add', 'system:dict:add', '', 3, 1, '', '2018-10-05 00:56:26', '2019-02-24 16:14:10', 1, 1, 1);
INSERT INTO `sys_menu` VALUES (23, '字典编辑', 21, '[0],[2],[21]', '/system/dict/edit', 'system:dict:edit', '', 3, 2, '', '2018-10-05 00:57:08', '2019-02-24 16:14:34', 1, 1, 1);
INSERT INTO `sys_menu` VALUES (24, '字典详细', 21, '[0],[2],[21]', '/system/dict/detail', 'system:dict:detail', '', 3, 3, '', '2018-10-05 00:57:42', '2019-02-24 16:14:41', 1, 1, 1);
INSERT INTO `sys_menu` VALUES (25, '修改状态', 21, '[0],[2],[21]', '/system/dict/status', 'system:dict:status', '', 3, 4, '', '2018-10-05 00:58:27', '2019-02-24 16:14:49', 1, 1, 1);
INSERT INTO `sys_menu` VALUES (26, '行为日志', 2, '[0],[2]', '/system/actionLog/index', 'system:actionLog:index', '', 2, 6, '', '2018-10-14 16:52:01', '2019-02-27 21:34:15', 1, 1, 1);
INSERT INTO `sys_menu` VALUES (27, '日志详细', 26, '[0],[2],[26]', '/system/actionLog/detail', 'system:actionLog:detail', '', 3, 1, '', '2018-10-14 21:07:11', '2019-02-27 21:34:15', 1, 1, 1);
INSERT INTO `sys_menu` VALUES (28, '日志删除', 26, '[0],[2],[26]', '/system/actionLog/delete', 'system:actionLog:delete', '', 3, 2, '', '2018-10-14 21:08:17', '2019-02-27 21:34:15', 1, 1, 1);
INSERT INTO `sys_menu` VALUES (30, '开发中心', 0, '[0]', '#', '#', 'fa fa-gavel', 1, 4, '', '2018-10-19 16:38:23', '2019-07-03 20:24:46', 1, 1, 1);
INSERT INTO `sys_menu` VALUES (31, '代码生成', 30, '[0],[30]', '/dev/code', '#', '', 2, 1, '', '2018-10-19 16:39:04', '2019-03-13 17:43:58', 1, 1, 1);
INSERT INTO `sys_menu` VALUES (125, '表单构建', 30, '[0],[30]', '/dev/build', '#', '', 2, 2, '', '2018-11-25 16:12:23', '2019-02-24 16:16:40', 1, 1, 1);
INSERT INTO `sys_menu` VALUES (136, '部门管理', 2, '[0],[2]', '/system/dept/index', 'system:dept:index', '', 2, 4, '', '2018-12-02 16:33:23', '2019-02-24 16:10:50', 1, 1, 1);
INSERT INTO `sys_menu` VALUES (137, '添加', 136, '[0],[2],[136]', '/system/dept/add', 'system:dept:add', '', 3, 1, '', '2018-12-02 16:33:23', '2019-02-24 16:13:34', 1, 1, 1);
INSERT INTO `sys_menu` VALUES (138, '编辑', 136, '[0],[2],[136]', '/system/dept/edit', 'system:dept:edit', '', 3, 2, '', '2018-12-02 16:33:23', '2019-02-24 16:13:42', 1, 1, 1);
INSERT INTO `sys_menu` VALUES (139, '详细', 136, '[0],[2],[136]', '/system/dept/detail', 'system:dept:detail', '', 3, 3, '', '2018-12-02 16:33:23', '2019-02-24 16:13:49', 1, 1, 1);
INSERT INTO `sys_menu` VALUES (140, '改变状态', 136, '[0],[2],[136]', '/system/dept/status', 'system:dept:status', '', 3, 4, '', '2018-12-02 16:33:23', '2019-02-24 16:13:57', 1, 1, 1);
INSERT INTO `sys_menu` VALUES (146, '数据接口', 30, '[0],[30]', '/dev/swagger', '#', '', 2, 3, '', '2018-12-09 21:11:11', '2019-02-24 23:38:18', 1, 1, 1);
INSERT INTO `sys_menu` VALUES (159, '用户角色', 2, '[0],[2]', '/user_role/userRole/index', 'user_role:userRole:index', NULL, 2, 7, NULL, '2019-07-03 20:19:45', '2019-07-03 20:28:36', 1, 1, 3);
INSERT INTO `sys_menu` VALUES (160, '添加', 159, '[0],[2],[159]', '/user_role/userRole/add', 'user_role:userRole:add', NULL, 3, 1, NULL, '2019-07-03 20:19:45', '2019-07-03 20:28:36', 1, 1, 3);
INSERT INTO `sys_menu` VALUES (161, '编辑', 159, '[0],[2],[159]', '/user_role/userRole/edit', 'user_role:userRole:edit', NULL, 3, 1, NULL, '2019-07-03 20:19:45', '2019-07-03 20:28:36', 1, 1, 3);
INSERT INTO `sys_menu` VALUES (162, '详细', 159, '[0],[2],[159]', '/user_role/userRole/detail', 'user_role:userRole:detail', NULL, 3, 1, NULL, '2019-07-03 20:19:45', '2019-07-03 20:28:36', 1, 1, 3);
INSERT INTO `sys_menu` VALUES (163, '修改状态', 159, '[0],[2],[159]', '/user_role/userRole/status', 'user_role:userRole:status', NULL, 3, 1, NULL, '2019-07-03 20:19:45', '2019-07-03 20:28:36', 1, 1, 3);
INSERT INTO `sys_menu` VALUES (164, '公共号码源管理', 0, '[0]', '#', 'crm', '', 1, 2, '', '2019-07-03 20:24:46', '2019-07-03 20:25:30', 1, 1, 1);
INSERT INTO `sys_menu` VALUES (170, '修改状态', 166, '[0],[166]', '/crm/cellNumLib/status', 'crm:cellNumLib:status', NULL, 3, 1, NULL, '2019-07-03 20:44:02', '2019-07-03 22:16:09', 1, 1, 3);
INSERT INTO `sys_menu` VALUES (171, '号码分配', 164, '[0]', '/calledallot/calledAllot/index', 'calledallot:calledAllot:index', '', 2, 1, '', '2019-07-03 22:08:55', '2019-07-03 22:16:33', 1, 1, 1);
INSERT INTO `sys_menu` VALUES (172, '添加', 171, '[0],[171]', '/calledallot/calledAllot/add', 'calledallot:calledAllot:add', NULL, 3, 1, NULL, '2019-07-03 22:08:55', '2019-07-03 22:08:55', 1, 1, 1);
INSERT INTO `sys_menu` VALUES (173, '编辑', 171, '[0],[171]', '/calledallot/calledAllot/edit', 'calledallot:calledAllot:edit', NULL, 3, 1, NULL, '2019-07-03 22:08:55', '2019-07-03 22:08:55', 1, 1, 1);
INSERT INTO `sys_menu` VALUES (174, '详细', 171, '[0],[171]', '/calledallot/calledAllot/detail', 'calledallot:calledAllot:detail', NULL, 3, 1, NULL, '2019-07-03 22:08:55', '2019-07-03 22:08:55', 1, 1, 1);
INSERT INTO `sys_menu` VALUES (175, '修改状态', 171, '[0],[171]', '/calledallot/calledAllot/status', 'calledallot:calledAllot:status', NULL, 3, 1, NULL, '2019-07-03 22:08:55', '2019-07-03 22:08:55', 1, 1, 1);

-- ----------------------------
-- Table structure for sys_role
-- ----------------------------
DROP TABLE IF EXISTS `sys_role`;
CREATE TABLE `sys_role`  (
  `id` bigint(20) NOT NULL AUTO_INCREMENT COMMENT '主键ID',
  `title` varchar(255) CHARACTER SET utf8 COLLATE utf8_general_ci NULL DEFAULT NULL COMMENT '角色名称（中文名）',
  `name` varchar(255) CHARACTER SET utf8 COLLATE utf8_general_ci NULL DEFAULT NULL COMMENT '标识名称',
  `remark` varchar(255) CHARACTER SET utf8 COLLATE utf8_general_ci NULL DEFAULT NULL COMMENT '备注',
  `create_date` datetime(0) NULL DEFAULT NULL COMMENT '创建时间',
  `update_date` datetime(0) NULL DEFAULT NULL COMMENT '更新时间',
  `create_by` bigint(20) NULL DEFAULT NULL COMMENT '创建用户',
  `update_by` bigint(20) NULL DEFAULT NULL COMMENT '更新用户',
  `status` tinyint(4) NULL DEFAULT NULL COMMENT '状态（1:正常,2:冻结,3:删除）',
  PRIMARY KEY (`id`) USING BTREE,
  INDEX `FKdkwvv0rm6j3d5l6hwsy2dplol`(`create_by`) USING BTREE,
  INDEX `FKrouqqi3f2bgc5o83wdstlh6q4`(`update_by`) USING BTREE,
  CONSTRAINT `FKdkwvv0rm6j3d5l6hwsy2dplol` FOREIGN KEY (`create_by`) REFERENCES `sys_user` (`id`) ON DELETE RESTRICT ON UPDATE RESTRICT,
  CONSTRAINT `FKrouqqi3f2bgc5o83wdstlh6q4` FOREIGN KEY (`update_by`) REFERENCES `sys_user` (`id`) ON DELETE RESTRICT ON UPDATE RESTRICT
) ENGINE = InnoDB AUTO_INCREMENT = 16 CHARACTER SET = utf8 COLLATE = utf8_general_ci ROW_FORMAT = Dynamic;

-- ----------------------------
-- Records of sys_role
-- ----------------------------
INSERT INTO `sys_role` VALUES (1, '管理员', 'admin', '', '2018-09-29 00:12:40', '2019-01-18 21:09:51', 1, 1, 1);
INSERT INTO `sys_role` VALUES (2, '开发组', 'group', '', '2018-09-30 16:04:32', '2019-04-28 00:10:00', 1, 1, 3);
INSERT INTO `sys_role` VALUES (3, '用户组', 'group1', '', '2018-09-30 16:24:20', '2019-04-28 00:11:09', 1, 1, 3);
INSERT INTO `sys_role` VALUES (16, '业务员', 'salesman', '', '2019-07-03 20:22:10', '2019-07-03 20:22:29', 1, 1, 1);
INSERT INTO `sys_role` VALUES (17, '业务经理', 'salesmanage', '', '2019-07-04 02:23:39', '2019-07-04 02:24:09', 1, 1, 1);

-- ----------------------------
-- Table structure for sys_role_menu
-- ----------------------------
DROP TABLE IF EXISTS `sys_role_menu`;
CREATE TABLE `sys_role_menu`  (
  `role_id` bigint(20) NOT NULL,
  `menu_id` bigint(20) NOT NULL,
  PRIMARY KEY (`role_id`, `menu_id`) USING BTREE,
  INDEX `FKf3mud4qoc7ayew8nml4plkevo`(`menu_id`) USING BTREE,
  CONSTRAINT `FKf3mud4qoc7ayew8nml4plkevo` FOREIGN KEY (`menu_id`) REFERENCES `sys_menu` (`id`) ON DELETE RESTRICT ON UPDATE RESTRICT,
  CONSTRAINT `FKkeitxsgxwayackgqllio4ohn5` FOREIGN KEY (`role_id`) REFERENCES `sys_role` (`id`) ON DELETE RESTRICT ON UPDATE RESTRICT
) ENGINE = InnoDB CHARACTER SET = utf8 COLLATE = utf8_general_ci ROW_FORMAT = Dynamic;

-- ----------------------------
-- Records of sys_role_menu
-- ----------------------------
INSERT INTO `sys_role_menu` VALUES (1, 1);
INSERT INTO `sys_role_menu` VALUES (1, 2);
INSERT INTO `sys_role_menu` VALUES (1, 3);
INSERT INTO `sys_role_menu` VALUES (1, 4);
INSERT INTO `sys_role_menu` VALUES (1, 5);
INSERT INTO `sys_role_menu` VALUES (1, 6);
INSERT INTO `sys_role_menu` VALUES (16, 6);
INSERT INTO `sys_role_menu` VALUES (1, 7);
INSERT INTO `sys_role_menu` VALUES (1, 8);
INSERT INTO `sys_role_menu` VALUES (1, 9);
INSERT INTO `sys_role_menu` VALUES (1, 10);
INSERT INTO `sys_role_menu` VALUES (1, 11);
INSERT INTO `sys_role_menu` VALUES (1, 12);
INSERT INTO `sys_role_menu` VALUES (1, 13);
INSERT INTO `sys_role_menu` VALUES (1, 14);
INSERT INTO `sys_role_menu` VALUES (1, 15);
INSERT INTO `sys_role_menu` VALUES (1, 16);
INSERT INTO `sys_role_menu` VALUES (1, 17);
INSERT INTO `sys_role_menu` VALUES (1, 18);
INSERT INTO `sys_role_menu` VALUES (1, 19);
INSERT INTO `sys_role_menu` VALUES (1, 20);
INSERT INTO `sys_role_menu` VALUES (1, 21);
INSERT INTO `sys_role_menu` VALUES (1, 22);
INSERT INTO `sys_role_menu` VALUES (1, 23);
INSERT INTO `sys_role_menu` VALUES (1, 24);
INSERT INTO `sys_role_menu` VALUES (1, 25);
INSERT INTO `sys_role_menu` VALUES (1, 26);
INSERT INTO `sys_role_menu` VALUES (1, 27);
INSERT INTO `sys_role_menu` VALUES (1, 28);
INSERT INTO `sys_role_menu` VALUES (1, 30);
INSERT INTO `sys_role_menu` VALUES (1, 31);
INSERT INTO `sys_role_menu` VALUES (1, 125);
INSERT INTO `sys_role_menu` VALUES (1, 136);
INSERT INTO `sys_role_menu` VALUES (1, 137);
INSERT INTO `sys_role_menu` VALUES (1, 138);
INSERT INTO `sys_role_menu` VALUES (1, 139);
INSERT INTO `sys_role_menu` VALUES (1, 140);
INSERT INTO `sys_role_menu` VALUES (1, 146);
INSERT INTO `sys_role_menu` VALUES (17, 164);
INSERT INTO `sys_role_menu` VALUES (1, 171);
INSERT INTO `sys_role_menu` VALUES (17, 171);
INSERT INTO `sys_role_menu` VALUES (1, 172);
INSERT INTO `sys_role_menu` VALUES (17, 172);
INSERT INTO `sys_role_menu` VALUES (1, 173);
INSERT INTO `sys_role_menu` VALUES (17, 173);
INSERT INTO `sys_role_menu` VALUES (1, 174);
INSERT INTO `sys_role_menu` VALUES (17, 174);
INSERT INTO `sys_role_menu` VALUES (1, 175);
INSERT INTO `sys_role_menu` VALUES (17, 175);

-- ----------------------------
-- Table structure for sys_user
-- ----------------------------
DROP TABLE IF EXISTS `sys_user`;
CREATE TABLE `sys_user`  (
  `id` bigint(20) NOT NULL AUTO_INCREMENT COMMENT '主键ID',
  `username` varchar(255) CHARACTER SET utf8 COLLATE utf8_general_ci NULL DEFAULT NULL COMMENT '用户名',
  `nickname` varchar(255) CHARACTER SET utf8 COLLATE utf8_general_ci NULL DEFAULT NULL COMMENT '用户昵称',
  `password` varchar(255) CHARACTER SET utf8 COLLATE utf8_general_ci NULL DEFAULT NULL COMMENT '密码',
  `salt` varchar(255) CHARACTER SET utf8 COLLATE utf8_general_ci NULL DEFAULT NULL COMMENT '密码盐',
  `dept_id` bigint(20) NULL DEFAULT NULL COMMENT '部门ID',
  `picture` varchar(255) CHARACTER SET utf8 COLLATE utf8_general_ci NULL DEFAULT NULL COMMENT '头像',
  `sex` varchar(255) CHARACTER SET utf8 COLLATE utf8_general_ci NULL DEFAULT NULL COMMENT '性别（1:男,2:女）',
  `email` varchar(255) CHARACTER SET utf8 COLLATE utf8_general_ci NULL DEFAULT NULL COMMENT '邮箱',
  `phone` varchar(255) CHARACTER SET utf8 COLLATE utf8_general_ci NULL DEFAULT NULL COMMENT '电话号码',
  `remark` varchar(255) CHARACTER SET utf8 COLLATE utf8_general_ci NULL DEFAULT NULL COMMENT '备注',
  `create_date` datetime(0) NULL DEFAULT NULL COMMENT '创建时间',
  `update_date` datetime(0) NULL DEFAULT NULL COMMENT '更新时间',
  `status` tinyint(4) NULL DEFAULT NULL COMMENT '状态（1:正常,2:冻结,3:删除）',
  PRIMARY KEY (`id`) USING BTREE,
  INDEX `FKb3pkx0wbo6o8i8lj0gxr37v1n`(`dept_id`) USING BTREE,
  CONSTRAINT `FKb3pkx0wbo6o8i8lj0gxr37v1n` FOREIGN KEY (`dept_id`) REFERENCES `sys_dept` (`id`) ON DELETE RESTRICT ON UPDATE RESTRICT
) ENGINE = InnoDB AUTO_INCREMENT = 8 CHARACTER SET = utf8 COLLATE = utf8_general_ci ROW_FORMAT = Dynamic;

-- ----------------------------
-- Records of sys_user
-- ----------------------------
INSERT INTO `sys_user` VALUES (1, 'admin', '超级管理员', '3dd0affe1e514fa059d00bf63134fe48d45acd3f350aaed83b0b54ef05579092', '3ABR79', 2, NULL, '1', '10086@163.com', '10086', '', '2018-08-09 23:00:03', '2019-04-28 00:07:21', 1);
INSERT INTO `sys_user` VALUES (2, 'linln', '小懒虫', 'f061ad891b99463f49e79b80fda22a2c2d320a248d485c6d8f188fb79be72a9b', '5f444i', 2, NULL, '2', '1008612@qq.com', '1008612', '', '2018-09-30 16:25:22', '2019-04-28 00:07:47', 3);
INSERT INTO `sys_user` VALUES (7, 'dxf', '段祥府', '8e19c76982ea06957094db5ab22a7e66adfa0e5022aef87cc84504bab72cd3fa', '6LaEN4', 2, NULL, '1', '', '', '', '2019-07-03 20:10:32', '2019-07-03 20:10:32', 1);

-- ----------------------------
-- Table structure for sys_user_role
-- ----------------------------
DROP TABLE IF EXISTS `sys_user_role`;
CREATE TABLE `sys_user_role`  (
  `user_id` bigint(20) NOT NULL,
  `role_id` bigint(20) NOT NULL,
  PRIMARY KEY (`user_id`, `role_id`) USING BTREE,
  INDEX `FKhh52n8vd4ny9ff4x9fb8v65qx`(`role_id`) USING BTREE,
  CONSTRAINT `FKb40xxfch70f5qnyfw8yme1n1s` FOREIGN KEY (`user_id`) REFERENCES `sys_user` (`id`) ON DELETE RESTRICT ON UPDATE RESTRICT,
  CONSTRAINT `FKhh52n8vd4ny9ff4x9fb8v65qx` FOREIGN KEY (`role_id`) REFERENCES `sys_role` (`id`) ON DELETE RESTRICT ON UPDATE RESTRICT
) ENGINE = InnoDB CHARACTER SET = utf8 COLLATE = utf8_general_ci ROW_FORMAT = Dynamic;

-- ----------------------------
-- Records of sys_user_role
-- ----------------------------
INSERT INTO `sys_user_role` VALUES (1, 1);

SET FOREIGN_KEY_CHECKS = 1;
